date;reunion;course;hippo_code;hippo_nom;nom;numPmu;rapport;age;sexe;race;statut;oeilleres;deferre;indicateurInedit;musique;nombreCourses;nombreVictoires;nombrePlaces;nombrePlacesSecond;nombrePlacesTroisieme;ordreArrivee;distance;handicapDistance;gain_carriere;gain_victoires;gain_places;gain_annee_en_cours;gain_annee_precedente;placeCorde;handicapValeur;handicapPoids
2021-07-23;1;4;CAB;CABOURG;GALLICA DU VINOIS;1;12.0;5;FEMELLES;TROTTEUR FRANCAIS;PARTANT;SANS_OEILLERES;DEFERRE_ANTERIEURS_POSTERIEURS;False;2a0a1a5a8aDa2a0a(20)Da;28;3;13;4;2;0.0;2725;2725;3795000;1800000;1995000;1425000;1779000;1;0;0.0
2021-07-23;1;4;CAB;CABOURG;GUERRIERE DRY;2;4.9;5;FEMELLES;TROTTEUR FRANCAIS;PARTANT;SANS_OEILLERES;DEFERRE_POSTERIEURS;False;2a0a(20)1a3aDaDaDa1a8a;17;4;4;2;2;0.0;2725;2725;3828000;2700000;1128000;475000;3078000;2;0;0.0
2021-07-23;1;4;CAB;CABOURG;GOLDIE STAR;3;11.0;5;FEMELLES;TROTTEUR FRANCAIS;PARTANT;SANS_OEILLERES;DEFERRE_ANTERIEURS_POSTERIEURS;False;Da5aDa2a(20)Da1a5aDaDa;22;3;11;3;0;0.0;2725;2725;3908000;2025000;1883000;550000;1118000;3;0;0.0
2021-07-23;1;4;CAB;CABOURG;GRAZZIA DU DAN;5;4.1;5;FEMELLES;TROTTEUR FRANCAIS;PARTANT;SANS_OEILLERES;DEFERRE_ANTERIEURS_POSTERIEURS;False;2a1aDa7aDaDa(20)Da4aDa;18;5;5;2;1;0.0;2725;2725;4140000;2970000;1170000;1023000;2577000;5;0;0.0
2021-07-23;1;4;CAB;CABOURG;GLOIRE ROYALE;6;8.8;5;FEMELLES;TROTTEUR FRANCAIS;PARTANT;SANS_OEILLERES;DEFERRE_POSTERIEURS;False;7a1a3a9a4a0a4a2a9a6a;28;2;16;3;4;0.0;2725;2725;3631000;1395000;2236000;1804000;1020000;6;0;0.0
2021-07-23;1;4;CAB;CABOURG;GALAXIE DJALMATS;7;7.1;5;FEMELLES;TROTTEUR FRANCAIS;PARTANT;SANS_OEILLERES;DEFERRE_ANTERIEURS_POSTERIEURS;False;4aDa6a5a4aDa5a3a4a1a;19;2;12;2;4;0.0;2725;2725;3593000;1350000;2243000;1701000;1352000;7;0;0.0
2021-07-23;1;4;CAB;CABOURG;GENOVA MADRIK;8;82.0;5;FEMELLES;TROTTEUR FRANCAIS;PARTANT;SANS_OEILLERES;;False;4a0a5a6a0a7a5a7a0a3a;37;1;25;0;4;0.0;2725;2725;2524000;495000;2029000;721000;870000;8;0;0.0
2021-07-23;1;4;CAB;CABOURG;GAMELIA DUB'S;9;6.1;5;FEMELLES;TROTTEUR FRANCAIS;PARTANT;SANS_OEILLERES;DEFERRE_POSTERIEURS;False;4a1a2a2a1a2aDa1a1a0a;35;10;17;5;4;0.0;2725;2725;3309800;2047700;1262100;2306400;771900;9;0;0.0
2021-07-23;1;4;CAB;CABOURG;GENTILLE HOLLANDIA;10;12.0;5;FEMELLES;TROTTEUR FRANCAIS;PARTANT;SANS_OEILLERES;;False;Da2a6a7aDa4a(20)DaDaDa;28;2;12;3;2;0.0;2725;2725;3565000;1215000;2350000;664000;1844000;10;0;0.0
2021-07-23;1;4;CAB;CABOURG;GOLDIE;11;182.0;5;FEMELLES;TROTTEUR FRANCAIS;PARTANT;SANS_OEILLERES;;False;8m0aDa(20)Dm9a9aDaDa1a;24;2;5;1;2;0.0;2725;2725;2264000;1440000;824000;0;2020000;11;0;0.0
2021-07-23;1;4;CAB;CABOURG;GRACE DE L'ECLAIR;12;29.0;5;FEMELLES;TROTTEUR FRANCAIS;PARTANT;SANS_OEILLERES;;False;5a3a7a8a4aDa5aDa6a2a;31;1;19;2;4;0.0;2725;2725;3471000;855000;2616000;1046000;458000;12;0;0.0
2021-07-23;1;4;CAB;CABOURG;GRACE DE MAI;13;82.0;5;FEMELLES;TROTTEUR FRANCAIS;PARTANT;SANS_OEILLERES;DEFERRE_ANTERIEURS_POSTERIEURS;False;8a0a4a7a0m7a4a4a6a6a;42;3;16;1;0;0.0;2725;2725;3435000;1710000;1725000;505000;1420000;13;0;0.0
2021-07-23;1;1;CAB;CABOURG;GAMAY DE L'ITON;1;9.5;5;MALES;TROTTEUR FRANCAIS;PARTANT;SANS_OEILLERES;DEFERRE_ANTERIEURS_POSTERIEURS;False;0a1a2a5a3a4aDa0a7a4a;33;8;19;3;5;;2750;2750;16460000;9990000;6470000;5022000;8435000;0;0;0.0
2021-07-23;1;1;CAB;CABOURG;FRENCH MAN;2;6.3;6;MALES;TROTTEUR FRANCAIS;PARTANT;SANS_OEILLERES;DEFERRE_POSTERIEURS;False;1a0aDaDa2a1a1a3a1a4a;54;11;23;6;5;4.0;2750;2750;20236000;11925000;8311000;5652000;3215000;0;0;0.0
2021-07-23;1;1;CAB;CABOURG;FESTIF CHARMANT;3;28.0;6;HONGRES;TROTTEUR FRANCAIS;PARTANT;SANS_OEILLERES;DEFERRE_ANTERIEURS;False;2a0a5a4a3a3a3a6a4a6a;50;4;38;11;7;7.0;2750;2750;22875000;5715000;17160000;4909000;9853000;0;0;0.0
2021-07-23;1;1;CAB;CABOURG;OLLE ROLS;4;105.0;8;HONGRES;TROTTEUR ETRANGER;PARTANT;SANS_OEILLERES;DEFERRE_POSTERIEURS;False;0a0a8a8aDaDa0a3a2a6a;16;0;8;1;2;;2750;2750;22901500;0;3163000;2077000;1086000;0;0;0.0
2021-07-23;1;1;CAB;CABOURG;TJACKO ZAZ;5;2.9;9;HONGRES;TROTTEUR ETRANGER;PARTANT;SANS_OEILLERES;DEFERRE_ANTERIEURS_POSTERIEURS;False;Da2a1a1a3a6a1aDa9aDa;17;6;4;2;1;2.0;2750;2750;23668800;8955000;2361000;6716000;4600000;0;0;0.0
2021-07-23;1;1;CAB;CABOURG;GRAND ART;6;5.7;5;MALES;TROTTEUR FRANCAIS;PARTANT;SANS_OEILLERES;DEFERRE_ANTERIEURS_POSTERIEURS;False;3a2a8aDa4a6a4a6a(20)9a;39;4;27;4;8;1.0;2750;2750;24085100;5918100;18167000;4737000;11918100;0;0;0.0
2021-07-23;1;1;CAB;CABOURG;FAROUK B.R.;7;10.0;8;MALES;TROTTEUR ETRANGER;PARTANT;SANS_OEILLERES;DEFERRE_ANTERIEURS_POSTERIEURS;False;3a1a5a5a4a1a1a(20)2a1a;27;7;17;7;2;3.0;2750;2750;24106800;7965000;7273000;5581000;8667000;0;0;0.0
2021-07-23;1;1;CAB;CABOURG;FLECHE DU YUCCA;8;5.9;6;FEMELLES;TROTTEUR FRANCAIS;PARTANT;SANS_OEILLERES;;False;5a3a9a0a(20)1a1aDa2a1a;34;14;15;3;3;;2750;2775;39110000;24075000;15035000;1338000;16355000;0;0;0.0
2021-07-23;1;1;CAB;CABOURG;DOSTOIEVSKI;9;104.0;8;HONGRES;TROTTEUR FRANCAIS;PARTANT;SANS_OEILLERES;;False;0a8a(20)4a9aDa6a0a2a1a;60;10;24;12;5;8.0;2750;2775;43175000;21285000;21890000;0;13702000;0;0;0.0
2021-07-23;1;1;CAB;CABOURG;BE ONE DES THIRONS;10;29.0;10;HONGRES;TROTTEUR FRANCAIS;PARTANT;SANS_OEILLERES;DEFERRE_ANTERIEURS_POSTERIEURS;False;4aDaDa2a8aDa4a6a4a;96;17;50;16;10;5.0;2750;2775;44182000;21825000;22357000;2259000;8658000;0;0;0.0
2021-07-23;1;1;CAB;CABOURG;CASH DU RIB;11;26.0;9;HONGRES;TROTTEUR FRANCAIS;PARTANT;SANS_OEILLERES;;False;7a5a1a8a2a7a1a2a8a9a;106;8;69;11;10;6.0;2750;2775;50980000;16470000;34510000;7490000;12129000;0;0;0.0
2021-07-23;1;6;CAB;CABOURG;FERGIE HIGHLAND;1;20.0;6;FEMELLES;TROTTEUR FRANCAIS;PARTANT;SANS_OEILLERES;;False;Da2a3a5a5a6a8a7a7a3a;50;5;26;3;6;0.0;2725;2725;6474000;3015000;3459000;1335000;2738000;1;0;0.0
2021-07-23;1;6;CAB;CABOURG;FEUILLE D'ERABLE;2;8.7;6;FEMELLES;TROTTEUR FRANCAIS;PARTANT;SANS_OEILLERES;DEFERRE_ANTERIEURS_POSTERIEURS;False;5a0a7aDa9a(20)4a0a6aDa;30;3;17;6;3;0.0;2725;2725;6462000;2070000;4392000;95000;977000;2;0;0.0
2021-07-23;1;6;CAB;CABOURG;FARANDOLE DES BOIS;3;45.0;6;FEMELLES;TROTTEUR FRANCAIS;PARTANT;SANS_OEILLERES;;False;0aDa0aDa8aDa4a2aDa4a;48;6;16;3;5;0.0;2725;2725;6290000;3780000;2510000;752000;2134000;3;0;0.0
2021-07-23;1;6;CAB;CABOURG;FELINE DE JANVILLE;4;2.3;6;FEMELLES;TROTTEUR FRANCAIS;PARTANT;SANS_OEILLERES;DEFERRE_ANTERIEURS_POSTERIEURS;False;3a4a0aDa6a8aDa1a5a8a;39;6;17;4;3;0.0;2725;2725;6370000;3825000;2545000;968000;2757000;4;0;0.0
2021-07-23;1;6;CAB;CABOURG;FREETOWN;5;33.0;6;FEMELLES;TROTTEUR FRANCAIS;PARTANT;SANS_OEILLERES;DEFERRE_ANTERIEURS;False;DaDa0aAa(20)8m3m2mDa3a;27;6;9;2;5;0.0;2725;2725;6277000;4095000;2182000;0;999000;5;0;0.0
2021-07-23;1;6;CAB;CABOURG;FLAMME DE GINAI;6;41.0;6;FEMELLES;TROTTEUR FRANCAIS;PARTANT;SANS_OEILLERES;DEFERRE_ANTERIEURS;False;6a8a0a9m0a8a0aDa6aDa;82;3;33;3;4;0.0;2725;2725;6536000;2250000;4286000;573000;2712000;6;0;0.0
2021-07-23;1;6;CAB;CABOURG;FABULOUS GIRL;7;5.0;6;FEMELLES;TROTTEUR FRANCAIS;PARTANT;SANS_OEILLERES;DEFERRE_ANTERIEURS_POSTERIEURS;False;9a4a4a3a2a(20)9a7a0a5a;40;3;23;4;8;0.0;2725;2725;6095000;2430000;3665000;910000;3433000;7;0;0.0
2021-07-23;1;6;CAB;CABOURG;FEERIE DES VENTES;8;124.0;6;FEMELLES;TROTTEUR FRANCAIS;PARTANT;SANS_OEILLERES;;False;7a8m1mDm6a(20)7a0mDa9m;55;4;16;3;2;0.0;2725;2725;5302000;2295000;3007000;631000;1061000;8;0;0.0
2021-07-23;1;6;CAB;CABOURG;FELICITA D'ECOUVES;9;13.0;6;FEMELLES;TROTTEUR FRANCAIS;PARTANT;SANS_OEILLERES;DEFERRE_ANTERIEURS_POSTERIEURS;False;4a5a5a5a7a0aRa0a(20)Da;44;2;14;3;2;0.0;2725;2725;4812000;2250000;2562000;543000;18000;9;0;0.0
2021-07-23;1;6;CAB;CABOURG;FEDORA DU CHATELET;10;24.0;6;FEMELLES;TROTTEUR FRANCAIS;PARTANT;SANS_OEILLERES;;False;3a3a0a2a4a4a7a9aDa5a;52;2;30;7;3;0.0;2725;2725;5531000;1170000;4361000;1177000;1331000;10;0;0.0
2021-07-23;1;6;CAB;CABOURG;FRANCE D'OCCAGNES;11;16.0;6;FEMELLES;TROTTEUR FRANCAIS;PARTANT;SANS_OEILLERES;DEFERRE_ANTERIEURS_POSTERIEURS;False;5a1a9aDa7m6aDmDa(20)4a;30;4;14;3;2;0.0;2725;2725;4563000;2655000;1908000;651000;1821000;11;0;0.0
2021-07-23;1;6;CAB;CABOURG;FOLIEPOLIS;12;24.0;6;FEMELLES;TROTTEUR FRANCAIS;PARTANT;SANS_OEILLERES;DEFERRE_POSTERIEURS;False;4a6aDa1a3a1a3a9a4a2a;41;5;17;3;4;0.0;2725;2725;5812000;2970000;2842000;3218000;665000;12;0;0.0
2021-07-23;1;6;CAB;CABOURG;FELINE DES RUETTES;13;15.0;6;FEMELLES;TROTTEUR FRANCAIS;PARTANT;SANS_OEILLERES;DEFERRE_ANTERIEURS_POSTERIEURS;False;5m8a6a0a6a1a1a3a2a;40;4;25;1;5;0.0;2725;2725;4820000;2205000;2615000;1464000;937000;13;0;0.0
2021-07-23;1;6;CAB;CABOURG;FORTUNE DE CERISY;14;99.0;6;FEMELLES;TROTTEUR FRANCAIS;PARTANT;SANS_OEILLERES;DEFERRE_ANTERIEURS_POSTERIEURS;False;7aDaDa1a8a0aDa0aDa9a;55;2;33;1;7;0.0;2725;2725;6006000;1575000;4431000;725000;806000;14;0;0.0
2021-07-23;1;5;CAB;CABOURG;HAUT DEFI;1;66.0;4;HONGRES;TROTTEUR FRANCAIS;PARTANT;SANS_OEILLERES;DEFERRE_ANTERIEURS_POSTERIEURS;False;0a2a2a8a2aDa(20)6aDaDa;18;0;11;3;1;0.0;2750;2750;1365000;0;1365000;925000;440000;0;0;0.0
2021-07-23;1;5;CAB;CABOURG;HAMPTONS;2;2.7;4;MALES;TROTTEUR FRANCAIS;PARTANT;SANS_OEILLERES;DEFERRE_POSTERIEURS;False;4a1a4aDa1aDa(20)Da;7;2;2;0;0;0.0;2750;2750;1410000;1170000;240000;1410000;0;0;0;0.0
2021-07-23;1;5;CAB;CABOURG;HOLD UP MESLOIS;3;8.8;4;HONGRES;TROTTEUR FRANCAIS;PARTANT;SANS_OEILLERES;DEFERRE_POSTERIEURS;False;DaDa3a0aDa(20)DaDaDaDa;18;2;2;0;1;0.0;2750;2750;1417000;1080000;337000;252000;1165000;0;0;0.0
2021-07-23;1;5;CAB;CABOURG;HOLIDAY DREAM;4;16.0;4;HONGRES;TROTTEUR FRANCAIS;PARTANT;SANS_OEILLERES;DEFERRE_POSTERIEURS;False;7a2a0aDa1a1aDa;7;2;2;1;0;0.0;2750;2750;1438000;1125000;313000;1438000;0;0;0;0.0
2021-07-23;1;5;CAB;CABOURG;HIGHLANDER;5;38.0;4;HONGRES;TROTTEUR FRANCAIS;PARTANT;SANS_OEILLERES;DEFERRE_POSTERIEURS;False;Dm0aDaDa3a2a6a6mDaDa;21;1;7;1;3;0.0;2750;2750;1502000;540000;962000;598000;904000;0;0;0.0
2021-07-23;1;5;CAB;CABOURG;HUGO DU GASSEL;6;16.0;4;HONGRES;TROTTEUR FRANCAIS;PARTANT;SANS_OEILLERES;DEFERRE_ANTERIEURS_POSTERIEURS;False;3a0a3a7a4aDa3a6a(20)5a;17;0;12;2;3;0.0;2750;2750;1520000;0;1520000;715000;805000;0;0;0.0
2021-07-23;1;5;CAB;CABOURG;HONNEUR D'ISQUES;7;19.0;4;HONGRES;TROTTEUR FRANCAIS;PARTANT;SANS_OEILLERES;DEFERRE_POSTERIEURS;False;3a1a0a5a3a(20)6a5a4a2a;9;1;7;1;2;0.0;2750;2750;1528000;585000;943000;1033000;495000;0;0;0.0
2021-07-23;1;5;CAB;CABOURG;HAUT EMPIRE;8;57.0;4;MALES;TROTTEUR FRANCAIS;PARTANT;SANS_OEILLERES;DEFERRE_ANTERIEURS_POSTERIEURS;False;1a6a7aDaDa1a2a6a6a;11;2;6;1;0;0.0;2750;2750;1541000;1125000;416000;1517000;24000;0;0;0.0
2021-07-23;1;5;CAB;CABOURG;HERMANO TRUNOIS;9;35.0;4;HONGRES;TROTTEUR FRANCAIS;PARTANT;SANS_OEILLERES;DEFERRE_ANTERIEURS_POSTERIEURS;False;4aDa4a7a2aDa2a4a9a2a;15;0;8;3;0;0.0;2750;2750;1543000;0;1543000;1483000;60000;0;0;0.0
2021-07-23;1;5;CAB;CABOURG;HORS CADRE;10;86.0;4;HONGRES;TROTTEUR FRANCAIS;PARTANT;SANS_OEILLERES;DEFERRE_ANTERIEURS_POSTERIEURS;False;2a2aDa6a5aDaDa0a(20)7a;14;1;7;3;0;0.0;2750;2750;1569000;540000;1029000;716000;853000;0;0;0.0
2021-07-23;1;5;CAB;CABOURG;HOUBLON D'ERABLE;11;15.0;4;HONGRES;TROTTEUR FRANCAIS;PARTANT;SANS_OEILLERES;DEFERRE_ANTERIEURS_POSTERIEURS;False;Da6a1a6a(20)2a4a1aDa5a;10;2;6;1;0;0.0;2750;2750;1594000;1080000;514000;592000;1002000;0;0;0.0
2021-07-23;1;5;CAB;CABOURG;HIPPO DE POMMERAYE;12;100.0;4;HONGRES;TROTTEUR FRANCAIS;PARTANT;SANS_OEILLERES;;False;3a3a4a1a5a5a2a5a(20)2a;15;1;14;4;2;0.0;2750;2775;2779000;585000;2194000;1732000;1047000;0;0;0.0
2021-07-23;1;5;CAB;CABOURG;HULYSSE DIGEO;13;11.0;4;HONGRES;TROTTEUR FRANCAIS;PARTANT;SANS_OEILLERES;DEFERRE_POSTERIEURS;False;3a5a4aDa(20)1a2a2a6a1a;10;3;6;2;1;0.0;2750;2775;3089000;1845000;1244000;412000;2677000;0;0;0.0
2021-07-23;1;5;CAB;CABOURG;HELLO DU JAGUY;14;80.0;4;HONGRES;TROTTEUR FRANCAIS;PARTANT;SANS_OEILLERES;DEFERRE_ANTERIEURS_POSTERIEURS;False;1a3a5a5aDaDa8a3a7a;24;3;13;0;5;0.0;2750;2775;3300000;1800000;1500000;1276000;1878000;0;0;0.0
2021-07-23;1;5;CAB;CABOURG;HUNMEC SOMOLLI;15;29.0;4;HONGRES;TROTTEUR FRANCAIS;PARTANT;SANS_OEILLERES;;False;0a5a3a6a0a8a(20)6a2a5a;15;2;9;3;2;0.0;2750;2775;3315500;1620000;1695500;339500;2976000;0;0;0.0
2021-07-23;1;5;CAB;CABOURG;HUB;16;4.7;4;MALES;TROTTEUR FRANCAIS;PARTANT;SANS_OEILLERES;DEFERRE_ANTERIEURS_POSTERIEURS;False;2a1a(20)8aDa1a1a3aDa1a;12;4;2;1;1;0.0;2750;2775;3399000;2700000;699000;1240000;2159000;0;0;0.0
2021-07-23;1;3;CAB;CABOURG;GARS DE FALAISE;1;104.0;5;MALES;TROTTEUR FRANCAIS;PARTANT;SANS_OEILLERES;;False;Ra(19)DaDmDm7aDaDmDm4m;21;0;9;2;0;0.0;2750;2750;1753000;0;1753000;0;0;0;0;0.0
2021-07-23;1;3;CAB;CABOURG;GO FAST DESBOIS;2;45.0;5;MALES;TROTTEUR FRANCAIS;PARTANT;SANS_OEILLERES;DEFERRE_ANTERIEURS_POSTERIEURS;False;DaDa(20)Da0a0a7aDaDa;14;2;3;1;1;0.0;2750;2750;1939000;1440000;499000;0;14000;0;0;0.0
2021-07-23;1;3;CAB;CABOURG;FABRY;3;33.0;6;HONGRES;TROTTEUR FRANCAIS;PARTANT;SANS_OEILLERES;DEFERRE_ANTERIEURS_POSTERIEURS;False;Da9aRa3aDaDa(20)Da0aDa;40;2;9;2;3;0.0;2750;2750;2720000;1170000;1550000;140000;807000;0;0;0.0
2021-07-23;1;3;CAB;CABOURG;FLASH DE BUCY;4;26.0;6;HONGRES;TROTTEUR FRANCAIS;PARTANT;SANS_OEILLERES;DEFERRE_ANTERIEURS;False;0a2a7a4a7aDm1a(20)Dm9a;47;2;20;3;5;0.0;2750;2750;4469000;1440000;3029000;1184000;1155000;0;0;0.0
2021-07-23;1;3;CAB;CABOURG;GAMIN DU LERRE;5;8.8;5;HONGRES;TROTTEUR FRANCAIS;PARTANT;SANS_OEILLERES;DEFERRE_ANTERIEURS_POSTERIEURS;False;9a0a2aDa1a8a5aDa6a1a;35;4;15;3;2;0.0;2750;2750;4762000;2610000;2152000;1933000;2041000;0;0;0.0
2021-07-23;1;3;CAB;CABOURG;FLEURON DE PADD;6;37.0;6;HONGRES;TROTTEUR FRANCAIS;PARTANT;SANS_OEILLERES;;False;DaDa5aDaDaDa(20)7aDaDa;36;5;10;2;1;0.0;2750;2750;4813000;3195000;1618000;80000;1478000;0;0;0.0
2021-07-23;1;3;CAB;CABOURG;GAGNANT;7;4.3;5;HONGRES;TROTTEUR FRANCAIS;PARTANT;SANS_OEILLERES;;False;4a2a3aDaDaDa4a(20)1a1a;20;4;7;3;1;0.0;2750;2750;4827000;3060000;1767000;982000;3305000;0;0;0.0
2021-07-23;1;3;CAB;CABOURG;GAUDEPSOU;8;16.0;5;HONGRES;TROTTEUR FRANCAIS;PARTANT;SANS_OEILLERES;DEFERRE_ANTERIEURS_POSTERIEURS;False;7a6a7m3a4a(20)7a0a8a6a;35;2;22;1;5;0.0;2750;2750;4843000;1980000;2863000;448000;1284000;0;0;0.0
2021-07-23;1;3;CAB;CABOURG;GARD;9;9.8;5;HONGRES;TROTTEUR FRANCAIS;PARTANT;SANS_OEILLERES;DEFERRE_ANTERIEURS_POSTERIEURS;False;3a5a3aDa2a4a1a0aDa6a;28;4;16;3;5;0.0;2750;2750;4845000;2205000;2640000;1879000;1767000;0;0;0.0
2021-07-23;1;3;CAB;CABOURG;GRAFFITI BOND;10;6.6;5;HONGRES;TROTTEUR FRANCAIS;PARTANT;SANS_OEILLERES;DEFERRE_ANTERIEURS;False;8a3a3a3a2a4a2a(20)5a8a;23;1;19;6;6;0.0;2750;2750;4867000;720000;4147000;2037000;1449000;0;0;0.0
2021-07-23;1;3;CAB;CABOURG;GABELLO JEPHI;11;9.4;5;HONGRES;TROTTEUR FRANCAIS;PARTANT;SANS_OEILLERES;DEFERRE_ANTERIEURS_POSTERIEURS;False;3aDa5a0a4a7aDa1a(20)Da;26;5;11;3;2;0.0;2750;2750;4895000;3015000;1880000;1300000;2733000;0;0;0.0
2021-07-23;1;3;CAB;CABOURG;GITANO JACK;12;3.9;5;HONGRES;TROTTEUR FRANCAIS;PARTANT;SANS_OEILLERES;DEFERRE_ANTERIEURS;False;5aDaDa2a1a(20)1a1a1aDa;24;6;9;6;1;0.0;2750;2775;9322000;6030000;3292000;2560000;6245000;0;0;0.0
2021-07-23;1;3;CAB;CABOURG;GUERRIER ROYAL;13;41.0;5;MALES;TROTTEUR FRANCAIS;PARTANT;SANS_OEILLERES;;False;Da8a9aDa(20)DaDa3a8a5a;42;2;11;2;3;0.0;2750;2775;9755000;3060000;6695000;0;409000;0;0;0.0
2021-07-23;1;7;CAB;CABOURG;INAKY DE TAGOR;1;15.0;3;HONGRES;TROTTEUR FRANCAIS;PARTANT;SANS_OEILLERES;0;False;3a5a1a3a7a(20)7a2a;7;1;6;1;2;0.0;2725;2725;1347000;495000;852000;1031000;316000;1;0;0.0
2021-07-23;1;7;CAB;CABOURG;ILTON CASH;2;9.9;3;MALES;TROTTEUR FRANCAIS;PARTANT;SANS_OEILLERES;0;False;2aDa(20)1a1a6a;5;2;2;1;0;0.0;2725;2725;1497000;1125000;372000;350000;1147000;2;0;0.0
2021-07-23;1;7;CAB;CABOURG;ILTON CADENCE;3;27.0;3;MALES;TROTTEUR FRANCAIS;PARTANT;SANS_OEILLERES;0;False;Dm2m7a(20)1a4a;5;1;3;1;0;0.0;2725;2725;1313000;540000;773000;693000;620000;3;0;0.0
2021-07-23;1;7;CAB;CABOURG;INCREDIBLE TALENT;4;2.8;3;MALES;TROTTEUR FRANCAIS;PARTANT;SANS_OEILLERES;0;False;5a1a6a6a2a4a4a;7;1;6;1;0;0.0;2725;2725;1286000;585000;701000;1286000;0;4;0;0.0
2021-07-23;1;7;CAB;CABOURG;INSIDE LOVE;5;16.0;3;HONGRES;TROTTEUR FRANCAIS;PARTANT;SANS_OEILLERES;0;False;1aDa3a5a6aDaDa2a;8;1;4;1;1;0.0;2725;2725;1581000;810000;771000;1581000;0;5;0;0.0
2021-07-23;1;7;CAB;CABOURG;INVICTUS MADRIK;6;22.0;3;MALES;TROTTEUR FRANCAIS;PARTANT;SANS_OEILLERES;0;False;Da7a2a1a2aDa;6;1;3;2;0;0.0;2725;2725;1572000;720000;852000;1572000;0;6;0;0.0
2021-07-23;1;7;CAB;CABOURG;IGNACE DE COQUERIE;7;11.0;3;MALES;TROTTEUR FRANCAIS;PARTANT;SANS_OEILLERES;0;False;5a4a2a6a1a3a;6;1;5;1;1;0.0;2725;2725;1522000;585000;937000;1522000;0;7;0;0.0
2021-07-23;1;7;CAB;CABOURG;IPSILON D'EMERAUDE;8;6.7;3;HONGRES;TROTTEUR FRANCAIS;PARTANT;SANS_OEILLERES;0;False;Da1a(20)Da1a;4;2;0;0;0;0.0;2725;2725;1215000;1215000;0;720000;495000;8;0;0.0
2021-07-23;1;7;CAB;CABOURG;IRLANDO DES LUCAS;9;50.0;3;HONGRES;TROTTEUR FRANCAIS;PARTANT;SANS_OEILLERES;0;False;Da0a7a5a7a5a8a5a2a;12;0;8;2;1;0.0;2725;2725;1118000;0;1118000;683000;435000;9;0;0.0
2021-07-23;1;7;CAB;CABOURG;INSTANT JENOVI;10;33.0;3;MALES;TROTTEUR FRANCAIS;PARTANT;SANS_OEILLERES;0;False;Da7a0a2a2a5a4a3a(20)0m;12;0;9;2;1;0.0;2725;2725;1221000;0;1221000;1094000;127000;10;0;0.0
2021-07-23;1;7;CAB;CABOURG;IBRAHIM DU RIB;11;39.0;3;HONGRES;TROTTEUR FRANCAIS;PARTANT;SANS_OEILLERES;0;False;2a6a2a(20)3a6a;5;0;5;2;1;0.0;2725;2725;898000;0;898000;746000;152000;11;0;0.0
2021-07-23;1;7;CAB;CABOURG;INFERNO CEKE;12;10.0;3;MALES;TROTTEUR FRANCAIS;PARTANT;SANS_OEILLERES;0;False;0aDa1aDaDa;5;1;0;0;0;0.0;2725;2725;810000;810000;0;810000;0;12;0;0.0
2021-07-23;1;7;CAB;CABOURG;IDEAL DU RUEL;13;10.0;3;MALES;TROTTEUR FRANCAIS;PARTANT;SANS_OEILLERES;0;False;5aDa1aDa6a4a5aDa5a4a;10;1;6;0;0;0.0;2725;2725;1128000;675000;453000;1128000;0;13;0;0.0
2021-07-23;3;2;ANG;ANGERS;IMAGE TROPEZIENNE;1;5.9;3;FEMELLES;TROTTEUR FRANCAIS;PARTANT;SANS_OEILLERES;0;True;Inédite;0;0;0;0;0;1.0;2425;2425;0;0;0;0;0;0;0;0.0
2021-07-23;3;2;ANG;ANGERS;INES D'HERMES;2;8.7;3;FEMELLES;TROTTEUR FRANCAIS;PARTANT;SANS_OEILLERES;0;True;Inédite;0;0;0;0;0;;2425;2425;0;0;0;0;0;0;0;0.0
2021-07-23;3;2;ANG;ANGERS;ICE CREAM LILA;3;46.0;3;FEMELLES;TROTTEUR FRANCAIS;PARTANT;SANS_OEILLERES;0;False;9a0a9a3a8a0a0a5a8a;10;0;3;0;2;8.0;2425;2425;429000;0;429000;275000;154000;0;0;0.0
2021-07-23;3;2;ANG;ANGERS;IRISH MELODY;4;35.0;3;FEMELLES;TROTTEUR FRANCAIS;PARTANT;SANS_OEILLERES;0;False;Da8m7m5mDa7a(20)Da9a2a;9;0;4;1;0;5.0;2425;2425;448000;0;448000;198000;250000;0;0;0.0
2021-07-23;3;2;ANG;ANGERS;IN LOVE DU PONT;5;17.0;3;FEMELLES;TROTTEUR FRANCAIS;PARTANT;SANS_OEILLERES;0;False;4a2a6a;3;0;3;1;0;6.0;2425;2425;455000;0;455000;455000;0;0;0;0.0
2021-07-23;3;2;ANG;ANGERS;ISIDORA;6;32.0;3;FEMELLES;TROTTEUR FRANCAIS;PARTANT;SANS_OEILLERES;0;False;6a6a6a2a7a5aDa;7;0;6;1;0;10.0;2425;2425;469000;0;469000;469000;0;0;0;0.0
2021-07-23;3;2;ANG;ANGERS;IVANA BELLA;7;106.0;3;FEMELLES;TROTTEUR FRANCAIS;PARTANT;SANS_OEILLERES;0;False;6m7a4a0a6aDa(20)6a3a4a;10;0;7;0;1;7.0;2425;2425;472000;0;472000;152000;320000;0;0;0.0
2021-07-23;3;2;ANG;ANGERS;IRENE DU CHERISAY;8;34.0;3;FEMELLES;TROTTEUR FRANCAIS;PARTANT;SANS_OEILLERES;0;False;4a2a4a;3;0;3;1;0;12.0;2425;2425;475000;0;475000;475000;0;0;0;0.0
2021-07-23;3;2;ANG;ANGERS;ISA MONEY;9;57.0;3;FEMELLES;TROTTEUR FRANCAIS;PARTANT;SANS_OEILLERES;0;False;9aDaDa4a2a5a;6;0;3;1;0;11.0;2425;2425;478000;0;478000;478000;0;0;0;0.0
2021-07-23;3;2;ANG;ANGERS;IDOLE DU RIB;10;26.0;3;FEMELLES;TROTTEUR FRANCAIS;PARTANT;SANS_OEILLERES;0;False;0a0a4a2a7a;5;0;3;1;0;4.0;2425;2425;482000;0;482000;482000;0;0;0;0.0
2021-07-23;3;2;ANG;ANGERS;IBIZA DU CHERISAY;11;42.0;3;FEMELLES;TROTTEUR FRANCAIS;PARTANT;SANS_OEILLERES;0;False;6a3aDa4aDa5a4aDa;8;0;5;0;1;;2425;2425;485000;0;485000;485000;0;0;0;0.0
2021-07-23;3;2;ANG;ANGERS;INTRIGUE SOMOLLI;12;3.6;3;FEMELLES;TROTTEUR FRANCAIS;PARTANT;SANS_OEILLERES;0;False;1a;1;1;0;0;0;3.0;2425;2425;495000;495000;0;495000;0;0;0;0.0
2021-07-23;3;2;ANG;ANGERS;IRIS ANGELE;13;9.7;3;FEMELLES;TROTTEUR FRANCAIS;PARTANT;SANS_OEILLERES;0;False;1a;1;1;0;0;0;9.0;2425;2425;495000;495000;0;495000;0;0;0;0.0
2021-07-23;3;2;ANG;ANGERS;IPHIGENIE;14;4.0;3;FEMELLES;TROTTEUR FRANCAIS;PARTANT;SANS_OEILLERES;0;False;4a2a4a;3;0;3;1;0;2.0;2425;2425;499000;0;499000;499000;0;0;0;0.0
2021-07-23;3;3;ANG;ANGERS;INCASSABLE;1;69.0;3;MALES;TROTTEUR FRANCAIS;PARTANT;SANS_OEILLERES;0;False;Da4a;2;0;1;0;0;10.0;2425;2425;104000;0;104000;104000;0;0;0;0.0
2021-07-23;3;3;ANG;ANGERS;ISIGNY DES LUCAS;2;29.0;3;HONGRES;TROTTEUR FRANCAIS;PARTANT;SANS_OEILLERES;0;False;4a6a7a;3;0;3;0;0;8.0;2425;2425;147000;0;147000;147000;0;0;0;0.0
2021-07-23;3;3;ANG;ANGERS;IRISH GOLD;3;14.0;3;MALES;TROTTEUR FRANCAIS;PARTANT;SANS_OEILLERES;0;False;2aDaDa;3;0;1;1;0;5.0;2425;2425;275000;0;275000;275000;0;0;0;0.0
2021-07-23;3;3;ANG;ANGERS;ILMENITE;4;150.0;3;HONGRES;TROTTEUR FRANCAIS;PARTANT;SANS_OEILLERES;0;False;Da7aDa9a5a7a3aDaDa6a;14;0;6;0;1;11.0;2425;2425;283000;0;283000;283000;0;0;0;0.0
2021-07-23;3;3;ANG;ANGERS;IXOS DU SKY;5;251.0;3;HONGRES;TROTTEUR FRANCAIS;PARTANT;SANS_OEILLERES;0;False;DaDa6a2a;4;0;2;1;0;12.0;2425;2425;297000;0;297000;297000;0;0;0;0.0
2021-07-23;3;3;ANG;ANGERS;ILMAT DES KECHES;6;2.8;3;HONGRES;TROTTEUR FRANCAIS;PARTANT;SANS_OEILLERES;0;False;2a;1;0;1;1;0;1.0;2425;2425;300000;0;300000;300000;0;0;0;0.0
2021-07-23;3;3;ANG;ANGERS;IRISH WIND;7;8.8;3;HONGRES;TROTTEUR FRANCAIS;PARTANT;SANS_OEILLERES;0;False;3a6aDa;3;0;2;0;1;13.0;2425;2425;308000;0;308000;308000;0;0;0;0.0
2021-07-23;3;3;ANG;ANGERS;ISAR LORRAIN;8;44.0;3;MALES;TROTTEUR FRANCAIS;PARTANT;SANS_OEILLERES;0;False;Da7a8aDa4a2aDa;7;0;3;1;0;2.0;2425;2425;380000;0;380000;380000;0;0;0;0.0
2021-07-23;3;3;ANG;ANGERS;ITAQUE DU VIVIER;9;6.0;3;MALES;TROTTEUR FRANCAIS;PARTANT;SANS_OEILLERES;0;False;3a3a4a7a;4;0;4;0;2;9.0;2425;2425;407000;0;407000;407000;0;0;0;0.0
2021-07-23;3;3;ANG;ANGERS;IRRESISTIBLE HONEY;10;51.0;3;HONGRES;TROTTEUR FRANCAIS;PARTANT;SANS_OEILLERES;0;False;3a4a4a9a6a0a8a;7;0;4;0;1;6.0;2425;2425;424000;0;424000;424000;0;0;0;0.0
2021-07-23;3;3;ANG;ANGERS;IAMOS DE CORBERY;11;148.0;3;MALES;TROTTEUR FRANCAIS;PARTANT;SANS_OEILLERES;0;False;7a4a3a3a;4;0;4;0;2;4.0;2425;2425;433000;0;433000;433000;0;0;0;0.0
2021-07-23;3;3;ANG;ANGERS;IDAO CASH;12;55.0;3;HONGRES;TROTTEUR FRANCAIS;PARTANT;SANS_OEILLERES;0;False;Da8a2a4a6a;5;0;3;1;0;7.0;2425;2425;435000;0;435000;435000;0;0;0;0.0
2021-07-23;3;3;ANG;ANGERS;INEDIT DU PAVILLON;13;21.0;3;MALES;TROTTEUR FRANCAIS;PARTANT;SANS_OEILLERES;0;False;Da2a3a;3;0;2;1;1;3.0;2425;2425;457000;0;457000;457000;0;0;0;0.0
2021-07-23;3;3;ANG;ANGERS;ILDO DES CHAMPS;14;3.3;3;HONGRES;TROTTEUR FRANCAIS;PARTANT;SANS_OEILLERES;0;False;1a;1;1;0;0;0;;2425;2425;495000;495000;0;495000;0;0;0;0.0
2021-07-23;3;6;ANG;ANGERS;EPEE;1;110.0;7;FEMELLES;TROTTEUR FRANCAIS;PARTANT;SANS_OEILLERES;;False;(20)5a3a1a7a9a1aDa5a1a;30;6;17;6;3;10.0;3125;3125;8810500;5040000;3770500;0;4592500;0;0;0.0
2021-07-23;3;6;ANG;ANGERS;FLICKA DU SKY;2;13.0;6;FEMELLES;TROTTEUR FRANCAIS;PARTANT;SANS_OEILLERES;DEFERRE_POSTERIEURS;False;2a1a2a2a2aDa8a2a4a2a;52;2;38;10;4;13.0;3125;3125;9096000;1575000;7521000;3631000;2407000;0;0;0.0
2021-07-23;3;6;ANG;ANGERS;FIONA DE COQUERIE;3;18.0;6;FEMELLES;TROTTEUR FRANCAIS;PARTANT;SANS_OEILLERES;;False;Dm1m4aDa0a2aDa5a(20)4a;52;6;21;5;5;3.0;3125;3125;9890000;4590000;5300000;1808000;5506000;0;0;0.0
2021-07-23;3;6;ANG;ANGERS;EASY AND NICE ER;4;88.0;7;FEMELLES;TROTTEUR FRANCAIS;PARTANT;SANS_OEILLERES;;False;8a7aDm7a6a4a4a8a5a;48;5;31;3;9;8.0;3125;3125;10013000;3915000;6098000;676000;1480000;0;0;0.0
2021-07-23;3;6;ANG;ANGERS;ESPERANCE GIRL;5;11.0;7;FEMELLES;TROTTEUR FRANCAIS;PARTANT;SANS_OEILLERES;DEFERRE_ANTERIEURS;False;DmDaDaDa1aDa2aDm5aDa;58;5;17;2;5;7.0;3125;3125;10037000;5400000;4637000;1690000;1535000;0;0;0.0
2021-07-23;3;6;ANG;ANGERS;FIRST LADY BLEUE;6;57.0;6;FEMELLES;TROTTEUR FRANCAIS;PARTANT;SANS_OEILLERES;;False;5a1a6a5a5a4a1a1a6a1a;81;6;54;4;6;5.0;3125;3125;10118500;4320000;5798500;4230000;2597000;0;0;0.0
2021-07-23;3;6;ANG;ANGERS;FABULEUSE FLIGNY;7;8.3;6;FEMELLES;TROTTEUR FRANCAIS;PARTANT;SANS_OEILLERES;DEFERRE_ANTERIEURS_POSTERIEURS;False;3a4a4a7a9a3a4a4aDa1a;48;6;22;3;4;6.0;3125;3125;10288000;5985000;4303000;2389000;183000;0;0;0.0
2021-07-23;3;6;ANG;ANGERS;ELUE DU GADE;8;59.0;7;FEMELLES;TROTTEUR FRANCAIS;PARTANT;SANS_OEILLERES;DEFERRE_POSTERIEURS;False;7a6a0a7a6a0a5a4aDaDa;56;5;29;8;3;9.0;3125;3125;10498000;4230000;6268000;436000;1884000;0;0;0.0
2021-07-23;3;6;ANG;ANGERS;FLECHE ETOILE;9;5.6;6;FEMELLES;TROTTEUR FRANCAIS;PARTANT;SANS_OEILLERES;DEFERRE_POSTERIEURS;False;2a1a1a7a3a6a0aDa4a0a;42;10;25;6;5;14.0;3125;3150;12311000;7470000;4841000;3051000;5693000;0;0;0.0
2021-07-23;3;6;ANG;ANGERS;ENERGY DU BOUFFEY;10;111.0;7;FEMELLES;TROTTEUR FRANCAIS;PARTANT;SANS_OEILLERES;;False;7a(20)9a0a0aDaDa2a3a0a;50;2;23;4;7;15.0;3125;3150;13013000;3645000;9368000;24000;1494000;0;0;0.0
2021-07-23;3;6;ANG;ANGERS;EVA GIRL;11;65.0;7;FEMELLES;TROTTEUR FRANCAIS;PARTANT;SANS_OEILLERES;;False;5a8a3a0a4aDmDa0a7a3a;46;5;20;3;4;12.0;3125;3150;13601000;7605000;5996000;1097000;393000;0;0;0.0
2021-07-23;3;6;ANG;ANGERS;DRAGA DU CHATELET;12;9.0;8;FEMELLES;TROTTEUR FRANCAIS;PARTANT;SANS_OEILLERES;DEFERRE_ANTERIEURS_POSTERIEURS;False;2a8a2aDa9a4a1a1a7a2a;65;12;29;9;6;4.0;3125;3150;16246000;9585000;6661000;6002000;4867000;0;0;0.0
2021-07-23;3;6;ANG;ANGERS;FREGATE MESLOISE;13;7.8;6;FEMELLES;TROTTEUR FRANCAIS;PARTANT;SANS_OEILLERES;DEFERRE_POSTERIEURS;False;7a9aDa1a4a1a2a(20)4a3a;45;6;27;9;7;11.0;3125;3150;17175000;7515000;9660000;4786000;8502000;0;0;0.0
2021-07-23;3;6;ANG;ANGERS;ESTEBANE SACHA;14;9.0;7;FEMELLES;TROTTEUR FRANCAIS;PARTANT;SANS_OEILLERES;DEFERRE_ANTERIEURS_POSTERIEURS;False;5a6a7a3a8a7a0a(20)0a6a;38;7;17;6;4;1.0;3125;3150;17734000;9270000;8464000;650000;48000;0;0;0.0
2021-07-23;3;6;ANG;ANGERS;EVER DREAM MUSIC;15;6.5;7;FEMELLES;TROTTEUR FRANCAIS;PARTANT;SANS_OEILLERES;DEFERRE_ANTERIEURS_POSTERIEURS;False;3a2a3a2a8a3a2a1a2a7a;50;8;31;10;11;2.0;3125;3150;19337000;7560000;11777000;4737000;4237000;0;0;0.0
2021-07-23;3;6;ANG;ANGERS;EXQUISA BELLA;16;15.0;7;FEMELLES;TROTTEUR FRANCAIS;PARTANT;SANS_OEILLERES;DEFERRE_ANTERIEURS_POSTERIEURS;False;Da0a3m0a1m(20)8aDa2a0a;63;8;19;8;4;16.0;3125;3150;20010000;12105000;7905000;2299000;2987000;0;0;0.0
2021-07-23;3;5;ANG;ANGERS;HORIZON CARISAIE;1;6.9;4;HONGRES;TROTTEUR FRANCAIS;PARTANT;SANS_OEILLERES;DEFERRE_ANTERIEURS_POSTERIEURS;False;6a5a1a2a3a2a1a(20)0m;8;2;5;2;1;7.0;2350;2350;1934000;1005000;929000;1934000;0;1;0;0.0
2021-07-23;3;5;ANG;ANGERS;HARRY DU LYS;2;9.1;4;HONGRES;TROTTEUR FRANCAIS;PARTANT;SANS_OEILLERES;DEFERRE_ANTERIEURS_POSTERIEURS;False;8a2a7a5a8a(20)0a5m5a7a;18;0;14;3;1;3.0;2350;2350;1888000;0;1888000;506000;1382000;2;0;0.0
2021-07-23;3;5;ANG;ANGERS;HUSSARDWICZ;3;3.8;4;HONGRES;TROTTEUR FRANCAIS;PARTANT;SANS_OEILLERES;DEFERRE_ANTERIEURS_POSTERIEURS;False;7a0aDa2aDa3a(20)Da2a0a;16;0;7;3;2;12.0;2350;2350;1761000;0;1761000;760000;750000;3;0;0.0
2021-07-23;3;5;ANG;ANGERS;HARRY DE L'ORMERIE;4;10.0;4;HONGRES;TROTTEUR FRANCAIS;PARTANT;SANS_OEILLERES;DEFERRE_POSTERIEURS;False;7a2aDa9a3a1a0a9a8aDa;23;2;10;1;1;;2350;2350;1809000;990000;819000;905000;772000;4;0;0.0
2021-07-23;3;5;ANG;ANGERS;HIPPARIS;5;10.0;4;HONGRES;TROTTEUR FRANCAIS;PARTANT;SANS_OEILLERES;DEFERRE_POSTERIEURS;False;6a6aDa9a8a(20)2a3a6a6a;15;1;10;2;1;2.0;2350;2350;1976000;540000;1436000;50000;1926000;5;0;0.0
2021-07-23;3;5;ANG;ANGERS;HAPPY BEJI;6;31.0;4;MALES;TROTTEUR FRANCAIS;PARTANT;SANS_OEILLERES;DEFERRE_POSTERIEURS;False;9a4a6a0a3a0a6aDa7a7a;30;1;18;1;1;10.0;2350;2350;1892000;540000;1352000;507000;1385000;6;0;0.0
2021-07-23;3;5;ANG;ANGERS;HATTILA;7;6.7;4;HONGRES;TROTTEUR FRANCAIS;PARTANT;SANS_OEILLERES;DEFERRE_POSTERIEURS;False;2a3a7a1aDaDa4a3a(20)Da;15;1;9;1;6;5.0;2350;2350;1989000;540000;1449000;1317000;672000;7;0;0.0
2021-07-23;3;5;ANG;ANGERS;HARCANGELO D'AMOUR;8;47.0;4;HONGRES;TROTTEUR FRANCAIS;PARTANT;SANS_OEILLERES;DEFERRE_POSTERIEURS;False;Da5a5a6a8a4a4aDa3a;24;1;12;1;1;4.0;2350;2350;1803000;540000;1263000;667000;1112000;8;0;0.0
2021-07-23;3;5;ANG;ANGERS;HAKIRI PURPLE;9;18.0;4;HONGRES;TROTTEUR FRANCAIS;PARTANT;SANS_OEILLERES;DEFERRE_ANTERIEURS_POSTERIEURS;False;3a5a7a2a(20)6a2a2a7a;8;0;8;3;1;13.0;2350;2350;1223000;0;1223000;585000;638000;9;0;0.0
2021-07-23;3;5;ANG;ANGERS;HERMES D'ARZAL;10;28.0;4;MALES;TROTTEUR FRANCAIS;PARTANT;SANS_OEILLERES;DEFERRE_ANTERIEURS_POSTERIEURS;False;7a0a2a6a2a1aDaDm7m;16;1;9;2;1;;2350;2350;1651000;540000;1111000;1238000;402000;10;0;0.0
2021-07-23;3;5;ANG;ANGERS;HEROS NUEVO;11;30.0;4;HONGRES;TROTTEUR FRANCAIS;PARTANT;SANS_OEILLERES;;False;0aDa(20)2a3aDa4a5a8a6a;12;0;7;2;1;9.0;2350;2350;1153000;0;1153000;0;1153000;11;0;0.0
2021-07-23;3;5;ANG;ANGERS;HIPPY DE LA COUDRE;12;28.0;4;HONGRES;TROTTEUR FRANCAIS;PARTANT;SANS_OEILLERES;;False;2a2a2a(20)4a4a6a3a6a;8;0;8;3;1;11.0;2350;2350;1448000;0;1448000;1050000;398000;12;0;0.0
2021-07-23;3;5;ANG;ANGERS;HERICK DE LA POTEL;13;214.0;4;HONGRES;TROTTEUR FRANCAIS;PARTANT;SANS_OEILLERES;;False;Da0aDaDaDa7aDa(20)1aDa;17;1;3;0;2;8.0;2350;2350;875000;540000;335000;13000;862000;13;0;0.0
2021-07-23;3;5;ANG;ANGERS;HASARD DE LA VIE;14;20.0;4;HONGRES;TROTTEUR FRANCAIS;PARTANT;SANS_OEILLERES;DEFERRE_ANTERIEURS;False;0a4a3a3a4a(20)6a5a4a0a;12;1;9;0;3;6.0;2350;2350;1568000;540000;1028000;628000;940000;14;0;0.0
2021-07-23;3;5;ANG;ANGERS;HELECHO;15;19.0;4;HONGRES;TROTTEUR FRANCAIS;PARTANT;SANS_OEILLERES;DEFERRE_POSTERIEURS;False;4a9a3aDa3a(20)Da1aDa1a;9;2;3;0;2;1.0;2350;2350;1660000;1080000;580000;580000;1080000;15;0;0.0
2021-07-23;3;7;ANG;ANGERS;GRACE DU LUPIN;1;5.9;5;FEMELLES;TROTTEUR FRANCAIS;PARTANT;SANS_OEILLERES;DEFERRE_ANTERIEURS_POSTERIEURS;False;4a6a7a2a7a5a0a(20)1a1a;19;6;10;3;2;5.0;2350;2350;6861000;4725000;2136000;930000;4534000;1;0;0.0
2021-07-23;3;7;ANG;ANGERS;GAVOTTE DU PRATEL;2;40.0;5;FEMELLES;TROTTEUR FRANCAIS;PARTANT;SANS_OEILLERES;DEFERRE_ANTERIEURS_POSTERIEURS;False;1a3a7a2a5a7a6a(20)8a0a;25;1;15;4;3;;2350;2350;5271000;855000;4416000;1598000;0;2;0;0.0
2021-07-23;3;7;ANG;ANGERS;FIESTA FROMENTRO;3;20.0;6;FEMELLES;TROTTEUR FRANCAIS;PARTANT;SANS_OEILLERES;;False;1aDa7a4aDa1a2a6mDa;42;3;19;4;3;4.0;2350;2350;7210000;2925000;4285000;3589000;397000;3;0;0.0
2021-07-23;3;7;ANG;ANGERS;FLORA SCOTIA;4;8.7;6;FEMELLES;TROTTEUR FRANCAIS;PARTANT;SANS_OEILLERES;DEFERRE_ANTERIEURS_POSTERIEURS;False;4a1a2a3a3a(20)4a1aDa8a;27;4;17;6;5;;2350;2350;6911000;2745000;4166000;1972000;2149000;4;0;0.0
2021-07-23;3;7;ANG;ANGERS;GLYCINE DU MONT;5;7.3;5;FEMELLES;TROTTEUR FRANCAIS;PARTANT;SANS_OEILLERES;DEFERRE_POSTERIEURS;False;5a2aDa1a(20)1a3a3a7aDa;21;6;9;2;3;1.0;2350;2350;7080000;4725000;2355000;2010000;3490000;5;0;0.0
2021-07-23;3;7;ANG;ANGERS;GUERILLA SOMOLLI;6;4.1;5;FEMELLES;TROTTEUR FRANCAIS;PARTANT;SANS_OEILLERES;;False;1a2a1a2a1a1a(20)9a8a3a;17;6;9;5;2;3.0;2350;2350;7172000;4140000;3032000;3965000;2082000;6;0;0.0
2021-07-23;3;7;ANG;ANGERS;FLORA DE LA VALLEE;7;2.3;6;FEMELLES;TROTTEUR FRANCAIS;PARTANT;SANS_OEILLERES;DEFERRE_ANTERIEURS_POSTERIEURS;False;1a3a1a7a0a(20)0a9a5a1a;17;8;4;1;1;2.0;2350;2350;7220000;6525000;695000;1990000;2565000;7;0;0.0
2021-07-23;3;4;ANG;ANGERS;HEMERA TURGOT;1;20.0;4;FEMELLES;TROTTEUR FRANCAIS;PARTANT;SANS_OEILLERES;DEFERRE_ANTERIEURS_POSTERIEURS;False;1a4aDaDa8a4a8a5a(20)Da;21;2;8;0;2;3.0;2350;2350;1946000;1005000;941000;877000;1069000;1;0;0.0
2021-07-23;3;4;ANG;ANGERS;HISTORY FAMILY;2;2.8;4;FEMELLES;TROTTEUR FRANCAIS;PARTANT;SANS_OEILLERES;DEFERRE_ANTERIEURS_POSTERIEURS;False;1aDa(20)DaDa3a5a2a2aDa;9;1;4;2;1;1.0;2350;2350;1804000;765000;1039000;765000;1039000;2;0;0.0
2021-07-23;3;4;ANG;ANGERS;HERA SANTIGNY;3;2.8;4;FEMELLES;TROTTEUR FRANCAIS;PARTANT;SANS_OEILLERES;DEFERRE_ANTERIEURS_POSTERIEURS;False;1a1aDaDa(20)7a9a4a4aDa;12;2;5;1;0;2.0;2350;2350;1735000;1170000;565000;1170000;565000;3;0;0.0
2021-07-23;3;4;ANG;ANGERS;HUNE LOVE;4;10.0;4;FEMELLES;TROTTEUR FRANCAIS;PARTANT;SANS_OEILLERES;DEFERRE_ANTERIEURS_POSTERIEURS;False;2a6a6a3a5a1a8aDa(20)5a;19;1;11;1;3;4.0;2350;2350;1654000;540000;1114000;1158000;496000;4;0;0.0
2021-07-23;3;4;ANG;ANGERS;HOLA DE BOUERE;5;38.0;4;FEMELLES;TROTTEUR FRANCAIS;PARTANT;SANS_OEILLERES;;False;5a4a9a4a3a3a4a1a(20)6a;14;1;11;1;2;10.0;2350;2350;1746000;540000;1206000;1339000;407000;5;0;0.0
2021-07-23;3;4;ANG;ANGERS;HOLLY ANGELE;6;16.0;4;FEMELLES;TROTTEUR FRANCAIS;PARTANT;SANS_OEILLERES;DEFERRE_ANTERIEURS_POSTERIEURS;False;3a1a9a4a(20)0a4a4aDa7a;13;2;8;1;1;;2350;2350;1938000;1035000;903000;918000;1020000;6;0;0.0
2021-07-23;3;4;ANG;ANGERS;HOSANNA BLUE;7;29.0;4;FEMELLES;TROTTEUR FRANCAIS;PARTANT;SANS_OEILLERES;DEFERRE_ANTERIEURS_POSTERIEURS;False;4aDa8a3aDaDa3a2a4aDa;21;0;13;1;3;8.0;2350;2350;1678000;0;1678000;1178000;500000;7;0;0.0
2021-07-23;3;4;ANG;ANGERS;HEROINE DE GUERRE;8;50.0;4;FEMELLES;TROTTEUR FRANCAIS;PARTANT;SANS_OEILLERES;;False;3a3aDaDa3aDa(20)DaDa0a;15;1;5;0;4;;2350;2350;1764000;630000;1134000;812000;952000;8;0;0.0
2021-07-23;3;4;ANG;ANGERS;HARLEY BADREC;9;114.0;4;FEMELLES;TROTTEUR FRANCAIS;PARTANT;SANS_OEILLERES;;False;6a3a4aDaDa4a6aDa0a9a;28;0;12;0;4;7.0;2350;2350;1450000;0;1450000;804000;358000;9;0;0.0
2021-07-23;3;4;ANG;ANGERS;HELEGANE JASMA;10;33.0;4;FEMELLES;TROTTEUR FRANCAIS;PARTANT;SANS_OEILLERES;DEFERRE_ANTERIEURS_POSTERIEURS;False;DaDa7a3aDa2a8a2m5aDa;15;1;8;2;1;6.0;2350;2350;1647000;540000;1107000;930000;717000;10;0;0.0
2021-07-23;3;4;ANG;ANGERS;HO TESS D'OSONS;11;229.0;4;FEMELLES;TROTTEUR FRANCAIS;PARTANT;SANS_OEILLERES;;False;Da8aDaRaDaDa6a0a3a;11;0;2;0;1;9.0;2350;2350;192000;0;192000;192000;0;11;0;0.0
2021-07-23;3;4;ANG;ANGERS;HEITIDA GEDE;12;58.0;4;FEMELLES;TROTTEUR FRANCAIS;PARTANT;SANS_OEILLERES;DEFERRE_ANTERIEURS_POSTERIEURS;False;Dm9aDaDaDmDa(20)0a2a9a;21;0;7;2;0;;2350;2350;1483000;0;1483000;0;1483000;12;0;0.0
2021-07-23;3;4;ANG;ANGERS;HEY PETITE STAR;13;104.0;4;FEMELLES;TROTTEUR FRANCAIS;PARTANT;SANS_OEILLERES;DEFERRE_ANTERIEURS_POSTERIEURS;False;DaDa2a9aDa(20)4a1aDa4a;12;2;4;1;0;5.0;2350;2350;1595000;1035000;560000;325000;1270000;13;0;0.0
2021-07-23;3;4;ANG;ANGERS;HOMAYA;14;39.0;4;FEMELLES;TROTTEUR FRANCAIS;PARTANT;SANS_OEILLERES;DEFERRE_ANTERIEURS;False;0a1a3aDa5a4a2aDa(20)8a;18;1;9;1;3;;2350;2350;1596000;585000;1011000;1239000;357000;14;0;0.0
2021-07-23;3;4;ANG;ANGERS;HACIENDA DE LOU;15;13.0;4;FEMELLES;TROTTEUR FRANCAIS;PARTANT;SANS_OEILLERES;;False;2a;1;0;1;1;0;;2350;2350;275000;0;275000;275000;0;15;0;0.0
2021-07-23;3;8;ANG;ANGERS;GENERAL DU NORD;1;4.4;5;HONGRES;TROTTEUR FRANCAIS;PARTANT;SANS_OEILLERES;DEFERRE_ANTERIEURS;False;2a1a4a1a1a5a0a2a(20)5a;23;6;14;5;4;2.0;2350;2350;7043000;3690000;3353000;3395000;3152000;1;0;0.0
2021-07-23;3;8;ANG;ANGERS;GATSBY;2;1.9;5;HONGRES;TROTTEUR FRANCAIS;PARTANT;SANS_OEILLERES;DEFERRE_ANTERIEURS_POSTERIEURS;False;3a9a9a3aDa5m7a4a4a6a;42;2;23;3;6;3.0;2350;2350;6857000;1800000;5057000;2557000;2082000;2;0;0.0
2021-07-23;3;8;ANG;ANGERS;GADGET DU LOUVET;3;52.0;5;HONGRES;TROTTEUR FRANCAIS;PARTANT;SANS_OEILLERES;DEFERRE_ANTERIEURS_POSTERIEURS;False;Da0a8a8aDaDa8mDm3mDm;45;4;13;1;6;8.0;2350;2350;7273000;4095000;3178000;532000;4125000;3;0;0.0
2021-07-23;3;8;ANG;ANGERS;FURIOUS BEY;4;22.0;6;HONGRES;TROTTEUR FRANCAIS;PARTANT;SANS_OEILLERES;DEFERRE_ANTERIEURS_POSTERIEURS;False;6m9m6a7a0a8a1a6a4a;43;3;30;8;4;5.0;2350;2350;6859000;1980000;4879000;977000;3905000;4;0;0.0
2021-07-23;3;8;ANG;ANGERS;FAKIR DE PUCH;5;7.1;6;HONGRES;TROTTEUR FRANCAIS;PARTANT;SANS_OEILLERES;DEFERRE_ANTERIEURS_POSTERIEURS;False;1a2a4a7a5aDaDa5a0aDa;35;6;14;4;2;1.0;2350;2350;6954000;4140000;2814000;2439000;1943000;5;0;0.0
2021-07-23;3;8;ANG;ANGERS;FORBAN DU RIB;6;9.9;6;HONGRES;TROTTEUR FRANCAIS;PARTANT;SANS_OEILLERES;;False;0a3a4aAa4a0a5a7a2a7a;45;5;24;1;6;4.0;2350;2350;6381000;3060000;3321000;1341000;1906000;6;0;0.0
2021-07-23;3;8;ANG;ANGERS;FALMACO DES ANGLES;7;23.0;6;HONGRES;TROTTEUR FRANCAIS;PARTANT;SANS_OEILLERES;;False;3aDa8aDa8aDa9aDa0aDa;43;4;17;6;3;10.0;2350;2350;7122000;2925000;4197000;266000;2222000;7;0;0.0
2021-07-23;3;8;ANG;ANGERS;FRIPON D'AUTHISE;8;28.0;6;HONGRES;TROTTEUR FRANCAIS;PARTANT;SANS_OEILLERES;;False;Da4a9aDaDa3a5a3a5a3a;47;3;27;7;8;6.0;2350;2350;7006000;1845000;5161000;1303000;3165000;8;0;0.0
2021-07-23;3;8;ANG;ANGERS;GOOD MORNING BIBIS;9;144.0;5;HONGRES;TROTTEUR FRANCAIS;PARTANT;SANS_OEILLERES;;False;Dm2m0a0aDm5m6m4m(20)Dm;33;1;19;4;3;11.0;2350;2350;5214000;495000;4719000;987000;1550000;9;0;0.0
2021-07-23;3;8;ANG;ANGERS;GINKGO ROCQ;10;213.0;5;MALES;TROTTEUR FRANCAIS;PARTANT;SANS_OEILLERES;;False;0a8aDm9aDaDaDm(20)6aDm;31;3;11;1;2;9.0;2350;2350;5956000;3690000;2266000;0;2008000;10;0;0.0
2021-07-23;3;8;ANG;ANGERS;FORREST BOIS MORIN;11;48.0;6;HONGRES;TROTTEUR FRANCAIS;PARTANT;SANS_OEILLERES;;False;9a6a1a1aDa4a6a(20)0a0a;34;5;16;3;3;7.0;2350;2350;6236000;3375000;2861000;1515000;2148000;11;0;0.0
2021-07-23;5;4;WOL;WOLVEGA;DEAN BROS;1;29.0;11;HONGRES;TROTTEUR ETRANGER;PARTANT;SANS_OEILLERES;DEFERRE_ANTERIEURS;False;3a6a4a5a(20)3a;0;0;0;0;0;8.0;2100;2100;5036000;0;0;0;0;1;0;0.0
2021-07-23;5;4;WOL;WOLVEGA;WINNETOU DIAMANT;2;6.0;4;HONGRES;TROTTEUR ETRANGER;PARTANT;SANS_OEILLERES;DEFERRE_ANTERIEURS_POSTERIEURS;False;4a1a1a1a0a;0;0;0;0;0;1.0;2100;2100;2493200;0;0;0;0;2;0;0.0
2021-07-23;5;4;WOL;WOLVEGA;FALCO;3;47.0;9;HONGRES;TROTTEUR ETRANGER;PARTANT;SANS_OEILLERES;DEFERRE_ANTERIEURS;False;6a5a5a6a4a;0;0;0;0;0;4.0;2100;2100;4004000;0;0;0;0;3;0;0.0
2021-07-23;5;4;WOL;WOLVEGA;GOLD CAP BR;4;3.7;4;HONGRES;TROTTEUR ETRANGER;PARTANT;SANS_OEILLERES;DEFERRE_POSTERIEURS;False;1a0a0aRa1a;0;0;0;0;0;3.0;2100;2100;4106800;0;0;0;0;4;0;0.0
2021-07-23;5;4;WOL;WOLVEGA;VICTORYMOKO;5;34.0;7;FEMELLES;TROTTEUR ETRANGER;PARTANT;SANS_OEILLERES;;False;4a6a5a0a3a;0;0;0;0;0;7.0;2100;2100;4139900;0;0;0;0;5;0;0.0
2021-07-23;5;4;WOL;WOLVEGA;HERES BEUCKENSWIJK;6;6.6;7;HONGRES;TROTTEUR ETRANGER;PARTANT;SANS_OEILLERES;DEFERRE_ANTERIEURS;False;3a2a2aRa(20)1a;0;0;0;0;0;2.0;2100;2100;5132200;0;0;0;0;6;0;0.0
2021-07-23;5;4;WOL;WOLVEGA;HINDY HEIKANT;7;2.2;7;FEMELLES;TROTTEUR ETRANGER;PARTANT;SANS_OEILLERES;;False;2a2a1a0a1a;0;0;0;0;0;5.0;2100;2100;5510100;0;0;0;0;7;0;0.0
2021-07-23;5;4;WOL;WOLVEGA;VELTEN LIMELIGHT;8;18.0;6;HONGRES;TROTTEUR ETRANGER;PARTANT;SANS_OEILLERES;DEFERRE_POSTERIEURS;False;4a4a0a6a3a;0;0;0;0;0;6.0;2100;2100;5739700;0;0;0;0;8;0;0.0
2021-07-23;5;1;WOL;WOLVEGA;FALCO DU BORDAGE;1;113.0;6;HONGRES;TROTTEUR FRANCAIS;PARTANT;SANS_OEILLERES;;False;Ra0a6a4a3a;22;2;9;1;1;4.0;2600;2600;1036500;335000;430000;360000;345000;1;0;0.0
2021-07-23;5;1;WOL;WOLVEGA;FLORIS VAN EGMONT;2;16.0;6;HONGRES;TROTTEUR FRANCAIS;PARTANT;SANS_OEILLERES;;False;3a3a6a4a3a;28;5;20;4;7;1.0;2600;2600;1347500;340000;1007500;562500;425000;2;0;0.0
2021-07-23;5;1;WOL;WOLVEGA;FADO DE PADD;3;1.9;6;HONGRES;TROTTEUR FRANCAIS;PARTANT;SANS_OEILLERES;;False;1a1a1a2a(20)2a;13;3;5;4;0;3.0;2600;2600;1344000;560000;784000;660000;110000;3;0;0.0
2021-07-23;5;1;WOL;WOLVEGA;EL GRECO;4;13.0;7;HONGRES;TROTTEUR FRANCAIS;PARTANT;SANS_OEILLERES;DEFERRE_ANTERIEURS_POSTERIEURS;False;3a2a3a0a0a;31;2;12;1;6;7.0;2600;2600;1021000;350000;618000;235000;435000;4;0;0.0
2021-07-23;5;1;WOL;WOLVEGA;HARLEY MOKOSON;5;15.0;4;HONGRES;TROTTEUR FRANCAIS;PARTANT;SANS_OEILLERES;DEFERRE_ANTERIEURS_POSTERIEURS;False;4a4a2a4a6a;12;1;7;1;0;;2600;2600;925000;630000;295000;180000;745000;5;0;0.0
2021-07-23;5;1;WOL;WOLVEGA;FRANKY DU CAP VERT;6;169.0;6;HONGRES;TROTTEUR FRANCAIS;PARTANT;SANS_OEILLERES;DEFERRE_ANTERIEURS;False;0a0a0a0a0a;26;1;13;3;1;;2600;2600;1520600;540000;980600;105000;269600;6;0;0.0
2021-07-23;5;1;WOL;WOLVEGA;GADGET RAPID;7;57.0;5;HONGRES;TROTTEUR FRANCAIS;PARTANT;SANS_OEILLERES;DEFERRE_ANTERIEURS_POSTERIEURS;False;0a0a0a3a0a;26;1;10;0;2;;2600;2600;1183000;540000;643000;111000;1060000;7;0;0.0
2021-07-23;5;1;WOL;WOLVEGA;HUGH DE TOUCHYVON (FR);8;16.0;4;HONGRES;TROTTEUR FRANCAIS;PARTANT;SANS_OEILLERES;DEFERRE_ANTERIEURS_POSTERIEURS;False;5a1a0a6a0a;16;2;8;0;1;;2600;2600;1282000;855000;427000;266000;1016000;8;0;0.0
2021-07-23;5;1;WOL;WOLVEGA;FLY DESTIN;9;169.0;6;HONGRES;TROTTEUR FRANCAIS;PARTANT;SANS_OEILLERES;DEFERRE_POSTERIEURS;False;0a(20)0a0a4a0a;22;1;7;2;0;;2600;2600;1351000;450000;901000;0;546000;9;0;0.0
2021-07-23;5;1;WOL;WOLVEGA;ESPRESSO DOPPIO;10;191.0;7;HONGRES;TROTTEUR ETRANGER;PARTANT;SANS_OEILLERES;;False;6a3aRa(20)0a;0;0;0;0;0;6.0;2600;2600;635000;0;0;0;0;10;0;0.0
2021-07-23;5;1;WOL;WOLVEGA;FALKANOR;11;36.0;6;HONGRES;TROTTEUR FRANCAIS;PARTANT;SANS_OEILLERES;;False;0a3a0a3a0a;36;0;22;3;2;5.0;2600;2600;1500800;0;1452000;191000;340000;11;0;0.0
2021-07-23;5;1;WOL;WOLVEGA;HEGOA DU BOULAY;12;5.0;4;FEMELLES;TROTTEUR FRANCAIS;PARTANT;SANS_OEILLERES;;False;0a1a1a4a2a;19;6;9;1;2;2.0;2600;2600;3203000;1905000;1298000;539000;2434000;12;0;0.0
2021-07-23;5;1;WOL;WOLVEGA;FARLINGTON;13;10.0;6;HONGRES;TROTTEUR FRANCAIS;PARTANT;SANS_OEILLERES;DEFERRE_POSTERIEURS;False;1a1a0a1a2a;14;2;7;2;0;9.0;2600;2600;1863500;635000;952000;375000;0;13;0;0.0
2021-07-23;5;1;WOL;WOLVEGA;GIPSY OCCAGNES;14;133.0;5;FEMELLES;TROTTEUR ETRANGER;PARTANT;SANS_OEILLERES;;False;0a5a0a4a6a;0;0;0;0;0;8.0;2600;2600;696500;0;0;0;0;14;0;0.0
2021-07-23;5;2;WOL;WOLVEGA;APACHE JELOCA;1;29.0;11;HONGRES;TROTTEUR FRANCAIS;PARTANT;SANS_OEILLERES;;False;4a4a5a5a0a;83;13;50;16;11;8.0;2600;2600;8984300;4320000;4211800;340000;535000;1;0;0.0
2021-07-23;5;2;WOL;WOLVEGA;DROGHEDO;2;64.0;8;HONGRES;TROTTEUR FRANCAIS;PARTANT;SANS_OEILLERES;;False;0a5a0a3a3a;66;3;33;7;5;;2600;2600;6009000;2790000;3219000;288000;563000;2;0;0.0
2021-07-23;5;2;WOL;WOLVEGA;DIQUEM;3;39.0;8;HONGRES;TROTTEUR ETRANGER;PARTANT;SANS_OEILLERES;;False;4a2a5a4a0a;0;0;0;0;0;;2600;2600;8589000;0;0;0;0;3;0;0.0
2021-07-23;5;2;WOL;WOLVEGA;FAKIR DE BEAUVALET;4;13.0;6;HONGRES;TROTTEUR FRANCAIS;PARTANT;SANS_OEILLERES;DEFERRE_ANTERIEURS;False;0a0a0a2a4a;40;4;21;4;2;7.0;2600;2600;5324000;2475000;2849000;665000;981000;4;0;0.0
2021-07-23;5;2;WOL;WOLVEGA;CATSOUS;5;17.0;9;HONGRES;TROTTEUR FRANCAIS;PARTANT;SANS_OEILLERES;;False;0a0a3a3a1a;82;25;26;9;7;5.0;2600;2600;8745000;6095000;2650000;794000;1465000;5;0;0.0
2021-07-23;5;2;WOL;WOLVEGA;ERWOOD D'ECAJEUL;6;79.0;7;HONGRES;TROTTEUR FRANCAIS;PARTANT;SANS_OEILLERES;DEFERRE_POSTERIEURS;False;0a6a0a0a0a;42;6;14;3;3;6.0;2600;2600;6434000;4410000;2024000;227000;80000;6;0;0.0
2021-07-23;5;2;WOL;WOLVEGA;DECLIC DU GADE;7;5.6;8;HONGRES;TROTTEUR FRANCAIS;PARTANT;SANS_OEILLERES;DEFERRE_ANTERIEURS_POSTERIEURS;False;2a1a3a2a0a;74;8;39;14;10;1.0;2600;2600;5233200;1573800;3699400;1098600;1069000;7;0;0.0
2021-07-23;5;2;WOL;WOLVEGA;COEUR BAROQUE;8;1.5;9;HONGRES;TROTTEUR FRANCAIS;PARTANT;SANS_OEILLERES;;False;3a2a4a3a2a;67;13;34;8;8;2.0;2600;2600;36147400;23370000;12705400;1250000;217400;8;0;0.0
2021-07-23;5;2;WOL;WOLVEGA;COCOMOKO;9;27.0;9;HONGRES;TROTTEUR FRANCAIS;PARTANT;SANS_OEILLERES;DEFERRE_POSTERIEURS;False;2a0a0a0a6a;76;6;51;9;14;3.0;2600;2600;11473500;4165000;7308500;473500;1016000;9;0;0.0
2021-07-23;5;2;WOL;WOLVEGA;CONFIDENTIAL BOND;10;18.0;9;HONGRES;TROTTEUR FRANCAIS;PARTANT;SANS_OEILLERES;DEFERRE_ANTERIEURS_POSTERIEURS;False;3a0a0a0a1a;72;12;38;9;8;4.0;2600;2600;13440000;7135000;6305000;1473000;734000;10;0;0.0
2021-07-23;5;2;WOL;WOLVEGA;CASANOVA D'AMOUR;11;60.0;9;HONGRES;TROTTEUR FRANCAIS;PARTANT;SANS_OEILLERES;;False;2a0a5a0aRa;67;15;39;12;6;9.0;2600;2600;4640500;2056500;2096500;30000;0;11;0;0.0
2021-07-23;5;3;WOL;WOLVEGA;LUUK SCHERMER;1;2.9;3;HONGRES;TROTTEUR ETRANGER;NON_PARTANT;SANS_OEILLERES;;False;2a1aRa;0;0;0;0;0;;2100;2100;425000;0;0;0;0;1;0;0.0
2021-07-23;5;3;WOL;WOLVEGA;KOSMOS RENKA;2;6.6;4;HONGRES;TROTTEUR ETRANGER;PARTANT;SANS_OEILLERES;;False;(20)0a5a4a4a2a;0;0;0;0;0;1.0;2100;2100;466200;0;0;0;0;2;0;0.0
2021-07-23;5;3;WOL;WOLVEGA;KEN BULL;3;3.1;4;HONGRES;TROTTEUR ETRANGER;PARTANT;SANS_OEILLERES;;False;4a1a5a0a3a;0;0;0;0;0;3.0;2100;2100;468000;0;0;0;0;3;0;0.0
2021-07-23;5;3;WOL;WOLVEGA;KIA ORA;4;4.8;5;FEMELLES;TROTTEUR ETRANGER;PARTANT;SANS_OEILLERES;;False;3a6aRa(20)0a1a;0;0;0;0;0;4.0;2100;2100;530500;0;0;0;0;4;0;0.0
2021-07-23;5;3;WOL;WOLVEGA;KNOCKOUT INVICTA;5;5.8;4;HONGRES;TROTTEUR ETRANGER;PARTANT;SANS_OEILLERES;DEFERRE_POSTERIEURS;False;5a4a2a3a2a;0;0;0;0;0;5.0;2100;2100;553900;0;0;0;0;5;0;0.0
2021-07-23;5;3;WOL;WOLVEGA;IDS BALDWIN;6;35.0;6;HONGRES;TROTTEUR ETRANGER;NON_PARTANT;SANS_OEILLERES;;False;(20)3a3a6a5a0a;0;0;0;0;0;;2100;2100;584900;0;0;0;0;6;0;0.0
2021-07-23;5;3;WOL;WOLVEGA;JACK BALDWIN;7;5.3;5;HONGRES;TROTTEUR ETRANGER;PARTANT;SANS_OEILLERES;;False;0a3a2a1a2a;0;0;0;0;0;2.0;2100;2100;626300;0;0;0;0;7;0;0.0
2021-07-23;5;3;WOL;WOLVEGA;INDY STARLAKE;8;7.6;6;HONGRES;TROTTEUR ETRANGER;PARTANT;SANS_OEILLERES;;False;2a6a3a5a(20)Ra;0;0;0;0;0;6.0;2100;2100;690500;0;0;0;0;8;0;0.0
2021-07-23;6;1;PLB;PORNICHET;ELFE GEDE;1;38.0;7;HONGRES;TROTTEUR FRANCAIS;PARTANT;SANS_OEILLERES;DEFERRE_ANTERIEURS_POSTERIEURS;False;0a0a3a7aDmDm6m4mDaDa;49;2;22;5;6;4.0;2725;2725;10637000;2430000;8207000;478000;1252000;0;0;550.0
2021-07-23;6;1;PLB;PORNICHET;CAUZIKI DU RIB;2;31.0;9;HONGRES;TROTTEUR FRANCAIS;PARTANT;SANS_OEILLERES;DEFERRE_ANTERIEURS_POSTERIEURS;False;7a0a5a(20)0a9a7a7a1a0a;60;7;29;4;4;3.0;2725;2725;11265500;6255000;5010500;40000;1064500;0;0;
2021-07-23;6;1;PLB;PORNICHET;CHICO CELINA;3;36.0;9;HONGRES;TROTTEUR FRANCAIS;PARTANT;SANS_OEILLERES;DEFERRE_POSTERIEURS;False;Aa2a0m4a(20)6a5a1a6a8a;79;6;37;10;6;;2725;2725;11265500;3960000;7305500;548000;1053000;0;0;
2021-07-23;6;1;PLB;PORNICHET;DOSSIMO;4;106.0;8;HONGRES;TROTTEUR FRANCAIS;PARTANT;SANS_OEILLERES;;False;8m0a9aDa5a0a(20)6a0a0a;71;2;28;5;7;;2725;2725;11406000;3015000;8391000;90000;510000;0;0;
2021-07-23;6;1;PLB;PORNICHET;EL SANTO HAUFOR;5;5.1;7;HONGRES;TROTTEUR FRANCAIS;PARTANT;SANS_OEILLERES;DEFERRE_POSTERIEURS;False;5a0a0a7a2a2aDa1a2a;39;6;16;10;0;;2725;2750;20633000;11295000;9338000;6126000;3049000;0;0;
2021-07-23;6;1;PLB;PORNICHET;DA VINCI BOND;6;3.4;8;HONGRES;TROTTEUR FRANCAIS;PARTANT;SANS_OEILLERES;DEFERRE_ANTERIEURS_POSTERIEURS;False;1aDa3a3a6a5m0aDa0a8a;82;11;33;4;3;2.0;2725;2750;20870000;12375000;8495000;2394000;1720000;0;0;
2021-07-23;6;1;PLB;PORNICHET;DEESSE SAINT BAR;7;69.0;8;FEMELLES;TROTTEUR FRANCAIS;PARTANT;SANS_OEILLERES;;False;5mDm1m5m2m5m(20)5mDa9m;73;9;31;7;6;;2725;2750;22241000;11655000;10586000;2870000;4607000;0;0;
2021-07-23;6;1;PLB;PORNICHET;ETONNE DE CARSI;8;7.4;7;FEMELLES;TROTTEUR FRANCAIS;PARTANT;SANS_OEILLERES;DEFERRE_ANTERIEURS_POSTERIEURS;False;Da4aDa1a5a0a4a4aDa1a;59;7;30;6;10;1.0;2725;2750;23089000;10305000;12784000;4852000;4758000;0;0;
2021-07-23;6;1;PLB;PORNICHET;DIABLO DE CAPONET;9;2.5;8;HONGRES;TROTTEUR FRANCAIS;PARTANT;SANS_OEILLERES;DEFERRE_ANTERIEURS_POSTERIEURS;False;5a9a3a2aDa4a5a(20)3a6a;59;11;40;11;8;;2725;2750;23535000;9895000;13640000;3029000;8825000;0;0;
2021-07-23;6;1;PLB;PORNICHET;ELECTRA DU VIVIER;10;19.0;7;FEMELLES;TROTTEUR FRANCAIS;PARTANT;SANS_OEILLERES;;False;Da4a3a1aDa1a4a(20)3a1a;52;12;20;4;7;;2725;2750;24392000;17010000;7382000;5386000;8093000;0;0;
2021-07-23;6;3;PLB;PORNICHET;FERIA DU CAPRE;1;28.0;6;FEMELLES;TROTTEUR FRANCAIS;PARTANT;SANS_OEILLERES;DEFERRE_ANTERIEURS_POSTERIEURS;False;7a7a8a6a7mDa7a3aDa4a;47;3;23;2;1;0.0;2725;2725;3643000;1575000;2068000;805000;1748000;0;0;0.0
2021-07-23;6;3;PLB;PORNICHET;FELINE BAZ;2;100.0;6;FEMELLES;TROTTEUR FRANCAIS;PARTANT;SANS_OEILLERES;;False;DmDaDa0aDaDa7a0aDa;61;1;18;4;3;0.0;2725;2725;3784000;720000;3064000;21000;271000;0;0;0.0
2021-07-23;6;3;PLB;PORNICHET;FUEGO DE TOUCHYVON;3;32.0;6;HONGRES;TROTTEUR FRANCAIS;PARTANT;SANS_OEILLERES;DEFERRE_ANTERIEURS_POSTERIEURS;False;7aDm(20)0a0aDa9a2a1a8a;35;3;10;5;2;0.0;2725;2725;4383000;1620000;2763000;13000;980000;0;0;0.0
2021-07-23;6;3;PLB;PORNICHET;FLEURON D'ALOUETTE;4;48.0;6;MALES;TROTTEUR FRANCAIS;PARTANT;SANS_OEILLERES;DEFERRE_ANTERIEURS_POSTERIEURS;False;0aDa9a(20)Da9aDa1a2aDa;25;5;8;2;1;0.0;2725;2725;4587000;3330000;1257000;0;1815000;0;0;0.0
2021-07-23;6;3;PLB;PORNICHET;FAUCON JOYEUX;5;14.0;6;MALES;TROTTEUR FRANCAIS;PARTANT;SANS_OEILLERES;DEFERRE_ANTERIEURS_POSTERIEURS;False;2a5a(20)1aDaDa3a1a6a1a;18;5;9;2;2;0.0;2725;2725;4651000;2925000;1726000;515000;2194000;0;0;0.0
2021-07-23;6;3;PLB;PORNICHET;FIORENTINO;6;51.0;6;HONGRES;TROTTEUR FRANCAIS;PARTANT;SANS_OEILLERES;DEFERRE_POSTERIEURS;False;6a7a4a2a0a3aDm2a0a7a;37;4;17;3;5;0.0;2725;2725;4720000;2385000;2335000;961000;913000;0;0;0.0
2021-07-23;6;3;PLB;PORNICHET;FIND MY WAY;7;42.0;6;FEMELLES;TROTTEUR FRANCAIS;PARTANT;SANS_OEILLERES;DEFERRE_POSTERIEURS;False;2a3aDaDa3a5a3a0a1a;51;1;29;3;11;0.0;2725;2725;4781000;675000;4106000;1673000;567000;0;0;0.0
2021-07-23;6;3;PLB;PORNICHET;FLAMME VIKING;8;32.0;6;FEMELLES;TROTTEUR FRANCAIS;PARTANT;SANS_OEILLERES;;False;1a(20)Da1a2a5a1a2aDa0a;21;6;11;4;2;0.0;2725;2750;7129000;4500000;2629000;1035000;2687000;0;0;0.0
2021-07-23;6;3;PLB;PORNICHET;FELINE MOUROTAISE;9;17.0;6;FEMELLES;TROTTEUR FRANCAIS;PARTANT;SANS_OEILLERES;;False;2a9a4a6a(20)1a1a1a2a1a;32;6;20;4;3;0.0;2725;2750;7350000;4230000;3120000;710000;5009000;0;0;0.0
2021-07-23;6;3;PLB;PORNICHET;FRONSAC;10;1.4;6;HONGRES;TROTTEUR FRANCAIS;PARTANT;SANS_OEILLERES;DEFERRE_ANTERIEURS_POSTERIEURS;False;1aDa1a2a0a(20)Da3a4a1a;24;9;10;3;3;0.0;2725;2750;8572000;6030000;2542000;2145000;2976000;0;0;0.0
2021-07-23;6;3;PLB;PORNICHET;FOREVER DU JOUAN;11;7.5;6;HONGRES;TROTTEUR FRANCAIS;PARTANT;SANS_OEILLERES;DEFERRE_POSTERIEURS;False;Da3a1a4aDaDaDa1a4a;40;10;13;1;3;0.0;2725;2750;8988000;6975000;2013000;2328000;4572000;0;0;0.0
2021-07-23;6;3;PLB;PORNICHET;FORREST GEDE;12;23.0;6;HONGRES;TROTTEUR FRANCAIS;PARTANT;SANS_OEILLERES;DEFERRE_ANTERIEURS_POSTERIEURS;False;DaDa5aDa4aDa3a2a5aDa;37;6;14;3;4;0.0;2725;2750;9140000;5175000;3965000;1079000;4625000;0;0;0.0
2021-07-23;6;5;PLB;PORNICHET;HILDA DE BEZILLAT;2;8.1;4;FEMELLES;TROTTEUR FRANCAIS;PARTANT;SANS_OEILLERES;DEFERRE_POSTERIEURS;False;3a4aDa;3;0;2;0;1;0.0;2725;2725;322000;0;322000;322000;0;0;0;0.0
2021-07-23;6;5;PLB;PORNICHET;HYALITE DE LA GIRO;3;32.0;4;FEMELLES;TROTTEUR FRANCAIS;PARTANT;SANS_OEILLERES;DEFERRE_ANTERIEURS_POSTERIEURS;False;DaDa7a(20)DmDm2m;6;0;2;1;0;0.0;2725;2725;837000;0;837000;12000;825000;0;0;0.0
2021-07-23;6;5;PLB;PORNICHET;HALFIE DE CONNEE;4;11.0;4;FEMELLES;TROTTEUR FRANCAIS;PARTANT;SANS_OEILLERES;DEFERRE_POSTERIEURS;False;Da9a1a2aDa(20)6aDa4a;8;1;3;1;0;0.0;2725;2725;985000;540000;445000;865000;120000;0;0;0.0
2021-07-23;6;5;PLB;PORNICHET;HARMONIA PARFAITE;5;43.0;4;FEMELLES;TROTTEUR FRANCAIS;PARTANT;SANS_OEILLERES;;False;Da4a1a7aDa3aDa6a(20)Dm;10;1;5;0;2;0.0;2725;2725;1023000;540000;483000;841000;182000;0;0;0.0
2021-07-23;6;5;PLB;PORNICHET;HINOA DE LA VALLEE;6;23.0;4;FEMELLES;TROTTEUR FRANCAIS;PARTANT;SANS_OEILLERES;DEFERRE_ANTERIEURS_POSTERIEURS;False;0a8a1a5aDa2a(20)6a4a;8;1;4;1;0;0.0;2725;2725;1029000;540000;489000;905000;124000;0;0;0.0
2021-07-23;6;5;PLB;PORNICHET;HUBLI;7;47.0;4;FEMELLES;TROTTEUR FRANCAIS;PARTANT;SANS_OEILLERES;;False;6a7a5a6a4a7a3a6a5aDa;21;0;15;0;3;0.0;2725;2725;1030000;0;1030000;535000;495000;0;0;0.0
2021-07-23;6;5;PLB;PORNICHET;HENRIETT D'AURCY;8;204.0;4;FEMELLES;TROTTEUR FRANCAIS;PARTANT;SANS_OEILLERES;;False;DaDaDa8a6a(20)Da9a1a6a;18;1;8;0;1;0.0;2725;2725;1054000;540000;514000;26000;900000;0;0;0.0
2021-07-23;6;5;PLB;PORNICHET;HARENA DE MARZY;9;8.6;4;FEMELLES;TROTTEUR FRANCAIS;PARTANT;SANS_OEILLERES;;False;3a0aDaDa2a1a(20)DaDa0a;9;1;2;1;1;0.0;2725;2725;1064000;540000;524000;1064000;0;0;0;0.0
2021-07-23;6;5;PLB;PORNICHET;HOELA LESMELCHEN;10;21.0;4;FEMELLES;TROTTEUR FRANCAIS;PARTANT;SANS_OEILLERES;;False;6a3a8a7aDa2a6a5a(20)2a;14;0;10;2;1;0.0;2725;2725;1079000;0;1079000;609000;470000;0;0;0.0
2021-07-23;6;5;PLB;PORNICHET;HOTESSE D'HAUFOR;11;1.7;4;FEMELLES;TROTTEUR FRANCAIS;PARTANT;SANS_OEILLERES;DEFERRE_POSTERIEURS;False;Da1a2a2a;4;1;2;2;0;0.0;2725;2725;1115000;540000;575000;1115000;0;0;0;0.0
2021-07-23;6;5;PLB;PORNICHET;HABANITA D'EVA;12;29.0;4;FEMELLES;TROTTEUR FRANCAIS;PARTANT;SANS_OEILLERES;;False;6a4aDa0a3aDa1aDa2a8a;14;1;4;1;1;0.0;2725;2725;1126000;540000;586000;1126000;0;0;0;0.0
2021-07-23;6;5;PLB;PORNICHET;HERA DES CHAMPS;13;122.0;4;FEMELLES;TROTTEUR FRANCAIS;PARTANT;SANS_OEILLERES;;False;Aa6aDa6a4a5aDmDa8a9a;24;0;11;2;0;0.0;2725;2725;1126000;0;1126000;238000;888000;0;0;0.0
2021-07-23;6;5;PLB;PORNICHET;HERALDA DU NOYER;14;24.0;4;FEMELLES;TROTTEUR FRANCAIS;PARTANT;SANS_OEILLERES;DEFERRE_POSTERIEURS;False;Da0a(20)0a0a1aDa1a4a9a;9;2;1;0;0;0.0;2725;2725;1147000;1035000;112000;0;1147000;0;0;0.0
2021-07-23;6;6;PLB;PORNICHET;I'M YOURS;1;98.0;3;HONGRES;TROTTEUR FRANCAIS;PARTANT;SANS_OEILLERES;0;False;6aDaDaDa4a;5;0;2;0;0;0.0;2725;2725;132000;0;132000;132000;0;0;0;0.0
2021-07-23;6;6;PLB;PORNICHET;IMBASI RAINBOW;2;35.0;3;HONGRES;TROTTEUR FRANCAIS;PARTANT;SANS_OEILLERES;0;False;6a3a6a;3;0;3;0;1;0.0;2725;2725;218000;0;218000;218000;0;0;0;0.0
2021-07-23;6;6;PLB;PORNICHET;IDEM JIHEM;3;41.0;3;HONGRES;TROTTEUR FRANCAIS;PARTANT;SANS_OEILLERES;0;False;3a3a9a9a8a8a8aDa;8;0;2;0;2;0.0;2725;2725;322000;0;322000;322000;0;0;0;0.0
2021-07-23;6;6;PLB;PORNICHET;IGNACE GUENESERIE;4;41.0;3;HONGRES;TROTTEUR FRANCAIS;PARTANT;SANS_OEILLERES;0;False;5a4a3a7aDa;5;0;4;0;1;0.0;2725;2725;350000;0;350000;350000;0;0;0;0.0
2021-07-23;6;6;PLB;PORNICHET;IMOKO HAUFOR;5;21.0;3;HONGRES;TROTTEUR FRANCAIS;PARTANT;SANS_OEILLERES;0;False;Da1a6a;3;1;1;0;0;0.0;2725;2725;517000;495000;22000;517000;0;0;0;0.0
2021-07-23;6;6;PLB;PORNICHET;ILLICO PHEDO;6;26.0;3;HONGRES;TROTTEUR FRANCAIS;PARTANT;SANS_OEILLERES;0;False;6a2a4a4a;4;0;4;1;0;0.0;2725;2725;543000;0;543000;543000;0;0;0;0.0
2021-07-23;6;6;PLB;PORNICHET;ICI HAUFOR;7;16.0;3;MALES;TROTTEUR FRANCAIS;PARTANT;SANS_OEILLERES;0;False;1aDa;2;1;0;0;0;0.0;2725;2725;585000;585000;0;585000;0;0;0;0.0
2021-07-23;6;6;PLB;PORNICHET;IPSWICH DE CAHOT;8;1.5;3;HONGRES;TROTTEUR FRANCAIS;PARTANT;SANS_OEILLERES;0;False;Da1a;2;1;0;0;0;0.0;2725;2725;585000;585000;0;585000;0;0;0;0.0
2021-07-23;6;6;PLB;PORNICHET;INFANT D'AUTHISE;9;19.0;3;MALES;TROTTEUR FRANCAIS;PARTANT;SANS_OEILLERES;0;False;5m6aDa0a3a7a3a;7;0;5;0;2;0.0;2725;2725;589000;0;589000;589000;0;0;0;0.0
2021-07-23;6;6;PLB;PORNICHET;IGGY SNOB;10;164.0;3;HONGRES;TROTTEUR FRANCAIS;PARTANT;SANS_OEILLERES;0;False;1a7aDa4aDa;5;1;2;0;0;0.0;2725;2725;594000;495000;99000;594000;0;0;0;0.0
2021-07-23;6;6;PLB;PORNICHET;IT'S ME MINIMES;11;16.0;3;HONGRES;TROTTEUR FRANCAIS;PARTANT;SANS_OEILLERES;0;False;3a5a2a;3;0;3;1;1;0.0;2725;2725;604000;0;604000;604000;0;0;0;0.0
2021-07-23;6;6;PLB;PORNICHET;INDY DES BOTS;12;247.0;3;HONGRES;TROTTEUR FRANCAIS;PARTANT;SANS_OEILLERES;0;False;2a6a2a;3;0;3;2;0;0.0;2725;2725;611000;0;611000;611000;0;0;0;0.0
2021-07-23;6;6;PLB;PORNICHET;IN NOMINE;13;12.0;3;HONGRES;TROTTEUR FRANCAIS;PARTANT;SANS_OEILLERES;0;False;6aDa5a3aDa(20)DaDa8aDa;11;0;4;1;1;0.0;2725;2725;636000;0;636000;311000;325000;0;0;0.0
2021-07-23;6;6;PLB;PORNICHET;IZO UP STAR;14;12.0;3;HONGRES;TROTTEUR FRANCAIS;PARTANT;SANS_OEILLERES;0;False;4a3a4a2a6a;5;0;5;1;1;0.0;2725;2725;642000;0;642000;642000;0;0;0;0.0
2021-07-23;6;4;PLB;PORNICHET;GAGNEUSE D'OR;1;22.0;5;FEMELLES;TROTTEUR FRANCAIS;NON_PARTANT;SANS_OEILLERES;;False;6aDaDa9aAa5a(20)0a7a0a;28;1;14;1;3;0.0;2725;2725;2408000;585000;1823000;103000;855000;0;0;0.0
2021-07-23;6;4;PLB;PORNICHET;GAIA DE NGANDA;2;54.0;5;FEMELLES;TROTTEUR FRANCAIS;PARTANT;SANS_OEILLERES;;False;Da4aDa2a5a(20)Da1a3a6a;32;1;14;3;3;0.0;2725;2725;2555000;540000;2015000;564000;1666000;0;0;0.0
2021-07-23;6;4;PLB;PORNICHET;GHOST LIGHT;3;91.0;5;MALES;TROTTEUR FRANCAIS;PARTANT;SANS_OEILLERES;DEFERRE_POSTERIEURS;False;4a7a6a7aDa8a8a0aDa;34;1;13;5;2;0.0;2725;2725;2929500;540000;2389500;185000;1900000;0;0;0.0
2021-07-23;6;4;PLB;PORNICHET;GALI DE QUELAINES;4;20.0;5;MALES;TROTTEUR FRANCAIS;PARTANT;SANS_OEILLERES;DEFERRE_POSTERIEURS;False;9a4a2a(20)7a3a3a4a1a7a;17;3;10;2;3;0.0;2725;2725;3147000;1530000;1617000;477000;2175000;0;0;0.0
2021-07-23;6;4;PLB;PORNICHET;GREEN BRUN;5;6.2;5;HONGRES;TROTTEUR FRANCAIS;PARTANT;SANS_OEILLERES;DEFERRE_ANTERIEURS_POSTERIEURS;False;2a3a3a1a5a(20)DaDa2a1a;17;2;10;3;3;0.0;2725;2725;3165000;1170000;1995000;1572000;1593000;0;0;0.0
2021-07-23;6;4;PLB;PORNICHET;GITAN DE GUEZ;6;11.0;5;MALES;TROTTEUR FRANCAIS;PARTANT;SANS_OEILLERES;;False;5aDa3aDa(20)DaDa5a4a5a;21;3;8;2;1;0.0;2725;2750;4211000;2295000;1916000;267000;2064000;0;0;0.0
2021-07-23;6;4;PLB;PORNICHET;GREZ;7;6.6;5;HONGRES;TROTTEUR FRANCAIS;PARTANT;SANS_OEILLERES;DEFERRE_ANTERIEURS_POSTERIEURS;False;8a4a2a2aDa2a1a(20)1a1a;20;4;11;6;3;0.0;2725;2750;6148000;3105000;3043000;2298000;3850000;0;0;0.0
2021-07-23;6;4;PLB;PORNICHET;GIBALDI DE HOUELLE;8;2.2;5;HONGRES;TROTTEUR FRANCAIS;PARTANT;SANS_OEILLERES;DEFERRE_ANTERIEURS_POSTERIEURS;False;4a1a1a5aDa(20)Da7aDa7a;17;5;7;2;0;0.0;2725;2750;6288000;4140000;2148000;1860000;1842000;0;0;0.0
2021-07-23;6;4;PLB;PORNICHET;GANYMEDE DE DUSSAC;9;4.2;5;HONGRES;TROTTEUR FRANCAIS;PARTANT;SANS_OEILLERES;DEFERRE_ANTERIEURS_POSTERIEURS;False;1a6a2a4a3a8aDa2a6a;28;2;20;5;2;0.0;2725;2750;6354000;1620000;4734000;2602000;1446000;0;0;0.0
2021-07-23;6;2;PLB;PORNICHET;HACKER PERRINE;1;27.0;4;HONGRES;TROTTEUR FRANCAIS;PARTANT;SANS_OEILLERES;DEFERRE_ANTERIEURS_POSTERIEURS;False;Ra0aDmDaDa6a5aDa(20)0a;12;0;4;0;0;0.0;2725;2725;245000;0;245000;89000;156000;0;0;0.0
2021-07-23;6;2;PLB;PORNICHET;HACKER DE BEAUM;2;91.0;4;HONGRES;TROTTEUR FRANCAIS;PARTANT;SANS_OEILLERES;;False;6aDa6aRa4a7a8a(20)DaDa;14;0;9;0;1;0.0;2725;2725;459000;0;459000;150000;309000;0;0;0.0
2021-07-23;6;2;PLB;PORNICHET;HAGUAIS DE LAYE;3;31.0;4;HONGRES;TROTTEUR FRANCAIS;PARTANT;SANS_OEILLERES;;False;Da6a1aDaDa;5;1;1;0;0;0.0;2725;2725;617000;585000;32000;617000;0;0;0;0.0
2021-07-23;6;2;PLB;PORNICHET;HELIXIR D'IBIZA;4;16.0;4;HONGRES;TROTTEUR FRANCAIS;PARTANT;SANS_OEILLERES;DEFERRE_ANTERIEURS_POSTERIEURS;False;5a6aDa5aAaDaDa1a(20)Da;9;1;3;0;0;0.0;2725;2725;750000;585000;165000;750000;0;0;0;0.0
2021-07-23;6;2;PLB;PORNICHET;HARIBO DES BORDES;5;13.0;4;HONGRES;TROTTEUR FRANCAIS;PARTANT;SANS_OEILLERES;;False;Da7aDaDa(20)0a9aDa4a5a;12;1;4;0;0;0.0;2725;2725;778000;540000;238000;16000;762000;0;0;0.0
2021-07-23;6;2;PLB;PORNICHET;HIMO PIERJI;6;11.0;4;HONGRES;TROTTEUR FRANCAIS;PARTANT;SANS_OEILLERES;DEFERRE_POSTERIEURS;False;2a4a2a4a6a;5;0;5;2;0;0.0;2725;2725;816000;0;816000;816000;0;0;0;0.0
2021-07-23;6;2;PLB;PORNICHET;HOLLYWOOD PARK;7;6.2;4;HONGRES;TROTTEUR FRANCAIS;PARTANT;SANS_OEILLERES;DEFERRE_ANTERIEURS_POSTERIEURS;False;9m7mDa0a6aDa(20)Da1aDa;15;1;5;0;1;0.0;2725;2725;967500;630000;337500;49000;750500;0;0;0.0
2021-07-23;6;2;PLB;PORNICHET;HUNIQUE;8;12.0;4;HONGRES;TROTTEUR FRANCAIS;PARTANT;SANS_OEILLERES;;False;0a3a5a1a(20)5a5a4a;7;1;5;0;1;0.0;2725;2725;1006000;540000;466000;782000;224000;0;0;0.0
2021-07-23;6;2;PLB;PORNICHET;HAUTAIN DE HOUELLE;9;91.0;4;HONGRES;TROTTEUR FRANCAIS;PARTANT;SANS_OEILLERES;;False;(20)Da1a3a6a2a;5;1;3;1;1;0.0;2725;2725;1052000;585000;467000;0;1052000;0;0;0.0
2021-07-23;6;2;PLB;PORNICHET;HISTORICO D'ETANG;10;10.0;4;HONGRES;TROTTEUR FRANCAIS;PARTANT;SANS_OEILLERES;;False;2a4aDaDaDaDa(20)DaDa6a;13;1;5;1;0;0.0;2725;2725;1063000;540000;523000;445000;618000;0;0;0.0
2021-07-23;6;2;PLB;PORNICHET;HASARD CERTAIN;11;9.9;4;MALES;TROTTEUR FRANCAIS;PARTANT;SANS_OEILLERES;DEFERRE_ANTERIEURS_POSTERIEURS;False;7a1aDa(20)7a6a1a;6;2;3;0;0;0.0;2725;2725;1089000;1035000;54000;552000;537000;0;0;0.0
2021-07-23;6;2;PLB;PORNICHET;HAUCKLAND;12;9.9;4;HONGRES;TROTTEUR FRANCAIS;PARTANT;SANS_OEILLERES;DEFERRE_ANTERIEURS_POSTERIEURS;False;Dm3a7aDm0a2m4aDmDa;13;0;7;2;2;0.0;2725;2725;1098000;0;1098000;557000;541000;0;0;0.0
2021-07-23;6;2;PLB;PORNICHET;HELP HAUFOR;13;15.0;4;HONGRES;TROTTEUR FRANCAIS;PARTANT;SANS_OEILLERES;DEFERRE_POSTERIEURS;False;0a8aAaDa5a6aDa(20)1a2a;12;1;4;1;1;0.0;2725;2725;1102000;540000;562000;119000;983000;0;0;0.0
2021-07-23;6;2;PLB;PORNICHET;HAPPY D'OR;14;4.0;4;HONGRES;TROTTEUR FRANCAIS;PARTANT;SANS_OEILLERES;DEFERRE_POSTERIEURS;False;9a8a6aDa3aDaDa3aDa2a;19;0;9;2;2;0.0;2725;2725;1137000;0;1137000;715000;422000;0;0;0.0
2021-07-23;6;8;PLB;PORNICHET;EL PASO ELDE;1;8.3;7;HONGRES;TROTTEUR FRANCAIS;PARTANT;SANS_OEILLERES;;False;3aDaRa0a(20)0a3a8a6a0a;34;3;14;1;5;0.0;2725;2725;3750000;2025000;1725000;84000;230000;0;0;0.0
2021-07-23;6;8;PLB;PORNICHET;EMOTION VENDEENNE;2;27.0;7;FEMELLES;TROTTEUR FRANCAIS;PARTANT;SANS_OEILLERES;DEFERRE_ANTERIEURS;False;4aDmDa(20)0a0a9a9a6a0a;55;0;30;4;5;0.0;2725;2725;3873000;0;3873000;40000;16000;0;0;0.0
2021-07-23;6;8;PLB;PORNICHET;DANIA DU LOT;4;20.0;8;FEMELLES;TROTTEUR FRANCAIS;PARTANT;SANS_OEILLERES;DEFERRE_ANTERIEURS_POSTERIEURS;False;4a4a2a6a5m0a8a0a(20)7a;72;1;33;4;4;0.0;2725;2725;3911000;585000;3326000;221000;519000;0;0;0.0
2021-07-23;6;8;PLB;PORNICHET;ECRIN DU LAYON;5;10.0;7;HONGRES;TROTTEUR FRANCAIS;PARTANT;SANS_OEILLERES;;False;2a1a3aRa8a6a7a(20)3a1a;40;3;24;2;5;0.0;2725;2725;3998000;1440000;2558000;502000;1673000;0;0;0.0
2021-07-23;6;8;PLB;PORNICHET;ETOILE DE LA COUR;6;20.0;7;FEMELLES;TROTTEUR FRANCAIS;PARTANT;SANS_OEILLERES;DEFERRE_ANTERIEURS_POSTERIEURS;False;3a0a(20)Da4a3a8a8a9a2a;49;2;28;4;5;0.0;2725;2725;4152500;1170000;2982500;56000;668000;0;0;0.0
2021-07-23;6;8;PLB;PORNICHET;ESCAPADE DU LAYON;7;21.0;7;FEMELLES;TROTTEUR FRANCAIS;PARTANT;SANS_OEILLERES;;False;3aDa7m9aDmDa4m6aDa4m;57;2;29;4;4;0.0;2725;2725;4164500;1215000;2949500;378000;1517500;0;0;0.0
2021-07-23;6;8;PLB;PORNICHET;ECLAIR DE CERIZE;8;5.2;7;HONGRES;TROTTEUR FRANCAIS;PARTANT;SANS_OEILLERES;DEFERRE_ANTERIEURS_POSTERIEURS;False;Da6aDa3a8a(20)1a4a4a9a;30;5;13;0;5;0.0;2725;2725;4192000;2790000;1402000;82000;1506000;0;0;0.0
2021-07-23;6;8;PLB;PORNICHET;EBENE MARVIC;10;2.3;7;FEMELLES;TROTTEUR FRANCAIS;PARTANT;SANS_OEILLERES;DEFERRE_ANTERIEURS_POSTERIEURS;False;4a3a6a3a8a4a2a4a4a1a;60;6;36;8;7;0.0;2725;2750;7545000;2655000;4890000;2019000;1850000;0;0;0.0
2021-07-23;6;8;PLB;PORNICHET;CAESARUS D'ELA;11;33.0;9;HONGRES;TROTTEUR FRANCAIS;PARTANT;SANS_OEILLERES;;False;9a5a0a6a7a9a0a8a6a3a;110;5;51;3;8;0.0;2725;2750;7734500;3352500;4382000;273000;364000;0;0;0.0
2021-07-23;6;8;PLB;PORNICHET;CARLOS DU GARABIN;12;25.0;9;HONGRES;TROTTEUR FRANCAIS;PARTANT;SANS_OEILLERES;;False;2m5a5a7a1a5a2a7a7a2a;87;9;47;8;8;0.0;2725;2750;7756500;3127500;4629000;1462000;893000;0;0;0.0
2021-07-23;6;8;PLB;PORNICHET;CAPORAL DE LARRE;13;21.0;9;HONGRES;TROTTEUR FRANCAIS;PARTANT;SANS_OEILLERES;DEFERRE_ANTERIEURS_POSTERIEURS;False;2a0a6a6a4a3a6a6a(20)0a;98;5;52;10;7;0.0;2725;2750;7846500;2992500;4854000;240000;808500;0;0;0.0
2021-07-23;6;8;PLB;PORNICHET;ESPOIR ANVALOU;14;30.0;7;HONGRES;TROTTEUR FRANCAIS;PARTANT;SANS_OEILLERES;;False;Dm7aDaDa3aDaDaDmDa9a;69;2;14;0;1;0.0;2725;2750;7904000;3330000;4574000;275000;42000;0;0;0.0
